structure,feature,seed,method,nmi,ari,seconds
0.05,0.0,0,louvain,0.0135,0.0025,0.11
0.05,0.0,0,leiden,0.0064,0.0011,0.06
0.05,0.0,0,kmeans,0.007,0.0033,0.04
0.05,0.0,0,dmon,0.0028,-0.0004,2.18
0.05,0.0,0,mincut,0.0,0.0,2.54
0.05,0.0,1,louvain,0.0109,0.0014,0.13
0.05,0.0,1,leiden,0.007,0.0014,0.07
0.05,0.0,1,kmeans,0.0012,-0.0019,0.03
0.05,0.0,1,dmon,0.0047,0.0014,2.14
0.05,0.0,1,mincut,0.0039,0.0002,2.5
0.05,0.0,2,louvain,0.0073,0.0001,0.17
0.05,0.0,2,leiden,0.0079,0.0011,0.07
0.05,0.0,2,kmeans,0.0029,-0.0003,0.03
0.05,0.0,2,dmon,0.0053,0.0019,2.12
0.05,0.0,2,mincut,0.0027,0.0,2.51
0.05,0.0,3,louvain,0.0091,0.0015,0.14
0.05,0.0,3,leiden,0.0097,0.0017,0.08
0.05,0.0,3,kmeans,0.0065,0.003,0.03
0.05,0.0,3,dmon,0.0024,-0.0009,2.12
0.05,0.0,3,mincut,0.0,0.0,2.46
0.05,0.0,4,louvain,0.0095,-0.0005,0.12
0.05,0.0,4,leiden,0.0102,0.0016,0.08
0.05,0.0,4,kmeans,0.0026,-0.0006,0.03
0.05,0.0,4,dmon,0.0022,-0.0009,2.13
0.05,0.0,4,mincut,0.0,0.0,2.64
0.05,0.2,0,louvain,0.0135,0.0025,0.12
0.05,0.2,0,leiden,0.0064,0.0011,0.07
0.05,0.2,0,kmeans,0.0909,0.0891,0.02
0.05,0.2,0,dmon,0.0287,0.0223,2.2
0.05,0.2,0,mincut,0.0,0.0,2.48
0.05,0.2,1,louvain,0.0109,0.0014,0.13
0.05,0.2,1,leiden,0.007,0.0014,0.07
0.05,0.2,1,kmeans,0.0734,0.0616,0.03
0.05,0.2,1,dmon,0.0261,0.0223,2.15
0.05,0.2,1,mincut,0.0,0.0,2.49
0.05,0.2,2,louvain,0.0073,0.0001,0.17
0.05,0.2,2,leiden,0.0079,0.0011,0.07
0.05,0.2,2,kmeans,0.05,0.048,0.03
0.05,0.2,2,dmon,0.0108,0.0072,2.12
0.05,0.2,2,mincut,0.002,0.0,2.47
0.05,0.2,3,louvain,0.0091,0.0015,0.14
0.05,0.2,3,leiden,0.0097,0.0017,0.08
0.05,0.2,3,kmeans,0.1119,0.1077,0.03
0.05,0.2,3,dmon,0.0823,0.0776,2.12
0.05,0.2,3,mincut,0.0,0.0,2.49
0.05,0.2,4,louvain,0.0095,-0.0005,0.12
0.05,0.2,4,leiden,0.0102,0.0016,0.08
0.05,0.2,4,kmeans,0.1309,0.13,0.03
0.05,0.2,4,dmon,0.0585,0.0544,2.13
0.05,0.2,4,mincut,0.0,0.0,2.6
0.05,0.35,0,louvain,0.0135,0.0025,0.11
0.05,0.35,0,leiden,0.0064,0.0011,0.07
0.05,0.35,0,kmeans,0.4238,0.4588,0.02
0.05,0.35,0,dmon,0.1026,0.0856,2.13
0.05,0.35,0,mincut,0.0,0.0,2.48
0.05,0.35,1,louvain,0.0109,0.0014,0.13
0.05,0.35,1,leiden,0.007,0.0014,0.07
0.05,0.35,1,kmeans,0.4793,0.5221,0.03
0.05,0.35,1,dmon,0.1781,0.1862,2.15
0.05,0.35,1,mincut,0.0,0.0,2.53
0.05,0.35,2,louvain,0.0073,0.0001,0.17
0.05,0.35,2,leiden,0.0079,0.0011,0.08
0.05,0.35,2,kmeans,0.417,0.4539,0.03
0.05,0.35,2,dmon,0.1007,0.0937,2.25
0.05,0.35,2,mincut,0.0059,0.0,2.54
0.05,0.35,3,louvain,0.0091,0.0015,0.14
0.05,0.35,3,leiden,0.0097,0.0017,0.08
0.05,0.35,3,kmeans,0.5697,0.6244,0.02
0.05,0.35,3,dmon,0.244,0.2308,2.13
0.05,0.35,3,mincut,0.002,0.0,2.57
0.05,0.35,4,louvain,0.0095,-0.0005,0.12
0.05,0.35,4,leiden,0.0102,0.0016,0.08
0.05,0.35,4,kmeans,0.5033,0.5515,0.02
0.05,0.35,4,dmon,0.2525,0.2541,2.16
0.05,0.35,4,mincut,0.0,0.0,2.51
0.05,0.5,0,louvain,0.0135,0.0025,0.11
0.05,0.5,0,leiden,0.0064,0.0011,0.07
0.05,0.5,0,kmeans,0.7088,0.7585,0.02
0.05,0.5,0,dmon,0.2234,0.2004,2.15
0.05,0.5,0,mincut,0.0,0.0,2.5
0.05,0.5,1,louvain,0.0109,0.0014,0.13
0.05,0.5,1,leiden,0.007,0.0014,0.07
0.05,0.5,1,kmeans,0.7624,0.8114,0.01
0.05,0.5,1,dmon,0.5907,0.6338,2.14
0.05,0.5,1,mincut,0.0,0.0,2.51
0.05,0.5,2,louvain,0.0073,0.0001,0.17
0.05,0.5,2,leiden,0.0079,0.0011,0.08
0.05,0.5,2,kmeans,0.6986,0.7449,0.01
0.05,0.5,2,dmon,0.3432,0.3503,2.14
0.05,0.5,2,mincut,0.0,0.0,2.51
0.05,0.5,3,louvain,0.0091,0.0015,0.14
0.05,0.5,3,leiden,0.0097,0.0017,0.08
0.05,0.5,3,kmeans,0.8401,0.8861,0.01
0.05,0.5,3,dmon,0.4284,0.4188,2.19
0.05,0.5,3,mincut,0.0078,0.0017,2.51
0.05,0.5,4,louvain,0.0095,-0.0005,0.12
0.05,0.5,4,leiden,0.0102,0.0016,0.08
0.05,0.5,4,kmeans,0.7821,0.8307,0.01
0.05,0.5,4,dmon,0.449,0.4414,2.13
0.05,0.5,4,mincut,0.0,0.0,2.51
0.05,0.65,0,louvain,0.0135,0.0025,0.11
0.05,0.65,0,leiden,0.0064,0.0011,0.07
0.05,0.65,0,kmeans,0.9011,0.9228,0.01
0.05,0.65,0,dmon,0.4528,0.429,2.17
0.05,0.65,0,mincut,0.0,0.0,2.53
0.05,0.65,1,louvain,0.0109,0.0014,0.13
0.05,0.65,1,leiden,0.007,0.0014,0.07
0.05,0.65,1,kmeans,0.9299,0.9552,0.01
0.05,0.65,1,dmon,0.8489,0.8936,2.16
0.05,0.65,1,mincut,0.0,0.0,2.54
0.05,0.65,2,louvain,0.0073,0.0001,0.17
0.05,0.65,2,leiden,0.0079,0.0011,0.07
0.05,0.65,2,kmeans,0.8879,0.919,0.01
0.05,0.65,2,dmon,0.6562,0.6922,2.17
0.05,0.65,2,mincut,0.002,-0.0,2.52
0.05,0.65,3,louvain,0.0091,0.0015,0.14
0.05,0.65,3,leiden,0.0097,0.0017,0.08
0.05,0.65,3,kmeans,0.9738,0.9841,0.01
0.05,0.65,3,dmon,0.8932,0.9269,2.17
0.05,0.65,3,mincut,0.0081,0.0012,2.52
0.05,0.65,4,louvain,0.0095,-0.0005,0.12
0.05,0.65,4,leiden,0.0102,0.0016,0.08
0.05,0.65,4,kmeans,0.9347,0.9553,0.01
0.05,0.65,4,dmon,0.8338,0.8747,2.18
0.05,0.65,4,mincut,0.0002,-0.0,2.53
0.05,0.8,0,louvain,0.0135,0.0025,0.11
0.05,0.8,0,leiden,0.0064,0.0011,0.07
0.05,0.8,0,kmeans,0.9554,0.9684,0.01
0.05,0.8,0,dmon,0.8622,0.9015,2.15
0.05,0.8,0,mincut,0.0,0.0,2.52
0.05,0.8,1,louvain,0.0109,0.0014,0.13
0.05,0.8,1,leiden,0.007,0.0014,0.07
0.05,0.8,1,kmeans,0.9859,0.992,0.01
0.05,0.8,1,dmon,0.9443,0.9656,2.16
0.05,0.8,1,mincut,0.0017,-0.0,2.54
0.05,0.8,2,louvain,0.0073,0.0001,0.17
0.05,0.8,2,leiden,0.0079,0.0011,0.08
0.05,0.8,2,kmeans,0.9573,0.9734,0.01
0.05,0.8,2,dmon,0.8837,0.9191,2.13
0.05,0.8,2,mincut,0.0,0.0,2.52
0.05,0.8,3,louvain,0.0091,0.0015,0.14
0.05,0.8,3,leiden,0.0097,0.0017,0.08
0.05,0.8,3,kmeans,1.0,1.0,0.01
0.05,0.8,3,dmon,0.9775,0.9867,2.16
0.05,0.8,3,mincut,0.0063,0.0007,2.51
0.05,0.8,4,louvain,0.0095,-0.0005,0.12
0.05,0.8,4,leiden,0.0102,0.0016,0.08
0.05,0.8,4,kmeans,0.9906,0.9947,0.01
0.05,0.8,4,dmon,0.9412,0.963,2.15
0.05,0.8,4,mincut,0.006,0.0,2.5
0.05,1.0,0,louvain,0.0135,0.0025,0.12
0.05,1.0,0,leiden,0.0064,0.0011,0.07
0.05,1.0,0,kmeans,0.9953,0.9973,0.01
0.05,1.0,0,dmon,0.9625,0.9762,2.19
0.05,1.0,0,mincut,0.0,0.0,2.54
0.05,1.0,1,louvain,0.0109,0.0014,0.13
0.05,1.0,1,leiden,0.007,0.0014,0.07
0.05,1.0,1,kmeans,1.0,1.0,0.01
0.05,1.0,1,dmon,1.0,1.0,2.18
0.05,1.0,1,mincut,0.002,0.0,2.52
0.05,1.0,2,louvain,0.0073,0.0001,0.17
0.05,1.0,2,leiden,0.0079,0.0011,0.08
0.05,1.0,2,kmeans,0.9953,0.9973,0.01
0.05,1.0,2,dmon,0.9691,0.9814,2.16
0.05,1.0,2,mincut,0.002,0.0,2.51
0.05,1.0,3,louvain,0.0091,0.0015,0.14
0.05,1.0,3,leiden,0.0097,0.0017,0.08
0.05,1.0,3,kmeans,1.0,1.0,0.01
0.05,1.0,3,dmon,1.0,1.0,2.14
0.05,1.0,3,mincut,0.0023,0.0003,2.51
0.05,1.0,4,louvain,0.0095,-0.0005,0.12
0.05,1.0,4,leiden,0.0102,0.0016,0.08
0.05,1.0,4,kmeans,1.0,1.0,0.01
0.05,1.0,4,dmon,0.9859,0.992,2.15
0.05,1.0,4,mincut,0.0,0.0,2.53
0.05,1.5,0,louvain,0.0135,0.0025,0.11
0.05,1.5,0,leiden,0.0064,0.0011,0.07
0.05,1.5,0,kmeans,1.0,1.0,0.01
0.05,1.5,0,dmon,1.0,1.0,2.14
0.05,1.5,0,mincut,0.0,0.0,2.5
0.05,1.5,1,louvain,0.0109,0.0014,0.13
0.05,1.5,1,leiden,0.007,0.0014,0.07
0.05,1.5,1,kmeans,1.0,1.0,0.01
0.05,1.5,1,dmon,1.0,1.0,2.16
0.05,1.5,1,mincut,0.0,0.0,2.53
0.05,1.5,2,louvain,0.0073,0.0001,0.17
0.05,1.5,2,leiden,0.0079,0.0011,0.08
0.05,1.5,2,kmeans,1.0,1.0,0.01
0.05,1.5,2,dmon,1.0,1.0,2.15
0.05,1.5,2,mincut,0.0,0.0,2.51
0.05,1.5,3,louvain,0.0091,0.0015,0.14
0.05,1.5,3,leiden,0.0097,0.0017,0.08
0.05,1.5,3,kmeans,1.0,1.0,0.01
0.05,1.5,3,dmon,1.0,1.0,2.18
0.05,1.5,3,mincut,0.0,0.0,2.56
0.05,1.5,4,louvain,0.0095,-0.0005,0.12
0.05,1.5,4,leiden,0.0102,0.0016,0.08
0.05,1.5,4,kmeans,1.0,1.0,0.01
0.05,1.5,4,dmon,1.0,1.0,2.16
0.05,1.5,4,mincut,0.0,0.0,2.53
0.2,0.0,0,louvain,0.0154,0.0058,0.16
0.2,0.0,0,leiden,0.0164,0.0069,0.08
0.2,0.0,0,kmeans,0.007,0.0033,0.02
0.2,0.0,0,dmon,0.0044,0.0009,2.19
0.2,0.0,0,mincut,0.0,0.0,2.57
0.2,0.0,1,louvain,0.0173,0.0052,0.15
0.2,0.0,1,leiden,0.0131,0.0058,0.06
0.2,0.0,1,kmeans,0.0012,-0.0019,0.03
0.2,0.0,1,dmon,0.0034,0.0002,2.19
0.2,0.0,1,mincut,0.0,0.0,2.55
0.2,0.0,2,louvain,0.029,0.0188,0.14
0.2,0.0,2,leiden,0.0195,0.0113,0.07
0.2,0.0,2,kmeans,0.0029,-0.0003,0.03
0.2,0.0,2,dmon,0.0011,-0.002,2.17
0.2,0.0,2,mincut,0.002,-0.0,2.55
0.2,0.0,3,louvain,0.0226,0.0112,0.11
0.2,0.0,3,leiden,0.0079,0.001,0.07
0.2,0.0,3,kmeans,0.0065,0.003,0.03
0.2,0.0,3,dmon,0.0051,0.0017,2.21
0.2,0.0,3,mincut,0.0,0.0,2.62
0.2,0.0,4,louvain,0.0353,0.0198,0.11
0.2,0.0,4,leiden,0.0292,0.0134,0.07
0.2,0.0,4,kmeans,0.0026,-0.0006,0.03
0.2,0.0,4,dmon,0.0038,0.0005,2.21
0.2,0.0,4,mincut,0.0,0.0,2.61
0.2,0.2,0,louvain,0.0154,0.0058,0.17
0.2,0.2,0,leiden,0.0164,0.0069,0.08
0.2,0.2,0,kmeans,0.0909,0.0891,0.02
0.2,0.2,0,dmon,0.0308,0.0234,2.24
0.2,0.2,0,mincut,0.0,0.0,2.6
0.2,0.2,1,louvain,0.0173,0.0052,0.15
0.2,0.2,1,leiden,0.0131,0.0058,0.06
0.2,0.2,1,kmeans,0.0734,0.0616,0.03
0.2,0.2,1,dmon,0.0421,0.0372,2.23
0.2,0.2,1,mincut,0.0,0.0,2.62
0.2,0.2,2,louvain,0.029,0.0188,0.14
0.2,0.2,2,leiden,0.0195,0.0113,0.07
0.2,0.2,2,kmeans,0.05,0.048,0.03
0.2,0.2,2,dmon,0.0154,0.0109,2.21
0.2,0.2,2,mincut,0.0,0.0,2.6
0.2,0.2,3,louvain,0.0226,0.0112,0.11
0.2,0.2,3,leiden,0.0079,0.001,0.07
0.2,0.2,3,kmeans,0.1119,0.1077,0.03
0.2,0.2,3,dmon,0.1217,0.1193,2.22
0.2,0.2,3,mincut,0.003,-0.0,2.59
0.2,0.2,4,louvain,0.0353,0.0198,0.11
0.2,0.2,4,leiden,0.0292,0.0134,0.07
0.2,0.2,4,kmeans,0.1309,0.13,0.03
0.2,0.2,4,dmon,0.0505,0.047,2.24
0.2,0.2,4,mincut,0.0,0.0,2.58
0.2,0.35,0,louvain,0.0154,0.0058,0.16
0.2,0.35,0,leiden,0.0164,0.0069,0.08
0.2,0.35,0,kmeans,0.4238,0.4588,0.02
0.2,0.35,0,dmon,0.1205,0.1005,2.24
0.2,0.35,0,mincut,0.0,0.0,2.61
0.2,0.35,1,louvain,0.0173,0.0052,0.15
0.2,0.35,1,leiden,0.0131,0.0058,0.06
0.2,0.35,1,kmeans,0.4793,0.5221,0.03
0.2,0.35,1,dmon,0.468,0.5144,2.24
0.2,0.35,1,mincut,0.0,0.0,2.61
0.2,0.35,2,louvain,0.029,0.0188,0.14
0.2,0.35,2,leiden,0.0195,0.0113,0.07
0.2,0.35,2,kmeans,0.417,0.4539,0.03
0.2,0.35,2,dmon,0.1862,0.173,2.19
0.2,0.35,2,mincut,0.002,0.0,2.6
0.2,0.35,3,louvain,0.0226,0.0112,0.11
0.2,0.35,3,leiden,0.0079,0.001,0.07
0.2,0.35,3,kmeans,0.5697,0.6244,0.02
0.2,0.35,3,dmon,0.3828,0.3884,2.2
0.2,0.35,3,mincut,0.0032,0.0,2.57
0.2,0.35,4,louvain,0.0353,0.0198,0.11
0.2,0.35,4,leiden,0.0292,0.0134,0.07
0.2,0.35,4,kmeans,0.5033,0.5515,0.02
0.2,0.35,4,dmon,0.3935,0.3973,2.21
0.2,0.35,4,mincut,0.0,0.0,2.59
0.2,0.5,0,louvain,0.0154,0.0058,0.16
0.2,0.5,0,leiden,0.0164,0.0069,0.08
0.2,0.5,0,kmeans,0.7088,0.7585,0.02
0.2,0.5,0,dmon,0.2277,0.1861,2.24
0.2,0.5,0,mincut,0.0,0.0,2.6
0.2,0.5,1,louvain,0.0173,0.0052,0.15
0.2,0.5,1,leiden,0.0131,0.0058,0.06
0.2,0.5,1,kmeans,0.7624,0.8114,0.01
0.2,0.5,1,dmon,0.7827,0.8368,2.25
0.2,0.5,1,mincut,0.0,0.0,2.63
0.2,0.5,2,louvain,0.029,0.0188,0.14
0.2,0.5,2,leiden,0.0195,0.0113,0.08
0.2,0.5,2,kmeans,0.6986,0.7449,0.01
0.2,0.5,2,dmon,0.491,0.493,2.2
0.2,0.5,2,mincut,0.0,0.0,2.59
0.2,0.5,3,louvain,0.0226,0.0112,0.11
0.2,0.5,3,leiden,0.0079,0.001,0.07
0.2,0.5,3,kmeans,0.8401,0.8861,0.01
0.2,0.5,3,dmon,0.8275,0.8738,2.23
0.2,0.5,3,mincut,0.0046,0.0,2.58
0.2,0.5,4,louvain,0.0353,0.0198,0.11
0.2,0.5,4,leiden,0.0292,0.0134,0.07
0.2,0.5,4,kmeans,0.7821,0.8307,0.01
0.2,0.5,4,dmon,0.8013,0.8495,2.21
0.2,0.5,4,mincut,0.0,0.0,2.57
0.2,0.65,0,louvain,0.0154,0.0058,0.16
0.2,0.65,0,leiden,0.0164,0.0069,0.08
0.2,0.65,0,kmeans,0.9011,0.9228,0.01
0.2,0.65,0,dmon,0.8785,0.912,2.22
0.2,0.65,0,mincut,0.0,0.0,2.58
0.2,0.65,1,louvain,0.0173,0.0052,0.15
0.2,0.65,1,leiden,0.0131,0.0058,0.06
0.2,0.65,1,kmeans,0.9299,0.9552,0.01
0.2,0.65,1,dmon,0.9457,0.9657,2.22
0.2,0.65,1,mincut,0.0,0.0,2.66
0.2,0.65,2,louvain,0.029,0.0188,0.14
0.2,0.65,2,leiden,0.0195,0.0113,0.07
0.2,0.65,2,kmeans,0.8879,0.919,0.01
0.2,0.65,2,dmon,0.6446,0.6507,2.21
0.2,0.65,2,mincut,0.004,0.0,2.61
0.2,0.65,3,louvain,0.0226,0.0112,0.11
0.2,0.65,3,leiden,0.0079,0.001,0.07
0.2,0.65,3,kmeans,0.9738,0.9841,0.01
0.2,0.65,3,dmon,0.9402,0.963,2.25
0.2,0.65,3,mincut,0.0059,0.0002,2.62
0.2,0.65,4,louvain,0.0353,0.0198,0.11
0.2,0.65,4,leiden,0.0292,0.0134,0.07
0.2,0.65,4,kmeans,0.9347,0.9553,0.01
0.2,0.65,4,dmon,0.9209,0.9449,2.22
0.2,0.65,4,mincut,0.0,0.0,2.58
0.2,0.8,0,louvain,0.0154,0.0058,0.16
0.2,0.8,0,leiden,0.0164,0.0069,0.08
0.2,0.8,0,kmeans,0.9554,0.9684,0.01
0.2,0.8,0,dmon,0.9543,0.9709,2.21
0.2,0.8,0,mincut,0.0,0.0,2.57
0.2,0.8,1,louvain,0.0173,0.0052,0.15
0.2,0.8,1,leiden,0.0131,0.0058,0.06
0.2,0.8,1,kmeans,0.9859,0.992,0.01
0.2,0.8,1,dmon,0.9906,0.9947,2.2
0.2,0.8,1,mincut,0.002,0.0,2.58
0.2,0.8,2,louvain,0.029,0.0188,0.14
0.2,0.8,2,leiden,0.0195,0.0113,0.07
0.2,0.8,2,kmeans,0.9573,0.9734,0.01
0.2,0.8,2,dmon,0.949,0.9683,2.24
0.2,0.8,2,mincut,0.0,0.0,2.55
0.2,0.8,3,louvain,0.0226,0.0112,0.11
0.2,0.8,3,leiden,0.0079,0.001,0.07
0.2,0.8,3,kmeans,1.0,1.0,0.01
0.2,0.8,3,dmon,0.9953,0.9973,2.19
0.2,0.8,3,mincut,0.0005,-0.0004,2.63
0.2,0.8,4,louvain,0.0353,0.0198,0.11
0.2,0.8,4,leiden,0.0292,0.0134,0.07
0.2,0.8,4,kmeans,0.9906,0.9947,0.01
0.2,0.8,4,dmon,0.9859,0.992,2.29
0.2,0.8,4,mincut,0.0,0.0,2.57
0.2,1.0,0,louvain,0.0154,0.0058,0.16
0.2,1.0,0,leiden,0.0164,0.0069,0.08
0.2,1.0,0,kmeans,0.9953,0.9973,0.01
0.2,1.0,0,dmon,0.9953,0.9973,2.21
0.2,1.0,0,mincut,0.0,0.0,2.56
0.2,1.0,1,louvain,0.0173,0.0052,0.15
0.2,1.0,1,leiden,0.0131,0.0058,0.06
0.2,1.0,1,kmeans,1.0,1.0,0.01
0.2,1.0,1,dmon,1.0,1.0,2.21
0.2,1.0,1,mincut,0.002,-0.0,2.58
0.2,1.0,2,louvain,0.029,0.0188,0.14
0.2,1.0,2,leiden,0.0195,0.0113,0.07
0.2,1.0,2,kmeans,0.9953,0.9973,0.01
0.2,1.0,2,dmon,0.9859,0.992,2.16
0.2,1.0,2,mincut,0.0,0.0,2.56
0.2,1.0,3,louvain,0.0226,0.0112,0.11
0.2,1.0,3,leiden,0.0079,0.001,0.07
0.2,1.0,3,kmeans,1.0,1.0,0.01
0.2,1.0,3,dmon,1.0,1.0,2.17
0.2,1.0,3,mincut,0.0026,0.0002,2.57
0.2,1.0,4,louvain,0.0353,0.0198,0.11
0.2,1.0,4,leiden,0.0292,0.0134,0.07
0.2,1.0,4,kmeans,1.0,1.0,0.01
0.2,1.0,4,dmon,1.0,1.0,2.18
0.2,1.0,4,mincut,0.0041,0.0,2.56
0.2,1.5,0,louvain,0.0154,0.0058,0.16
0.2,1.5,0,leiden,0.0164,0.0069,0.08
0.2,1.5,0,kmeans,1.0,1.0,0.01
0.2,1.5,0,dmon,1.0,1.0,2.25
0.2,1.5,0,mincut,0.0,0.0,2.68
0.2,1.5,1,louvain,0.0173,0.0052,0.15
0.2,1.5,1,leiden,0.0131,0.0058,0.07
0.2,1.5,1,kmeans,1.0,1.0,0.01
0.2,1.5,1,dmon,1.0,1.0,2.33
0.2,1.5,1,mincut,0.0,0.0,2.87
0.2,1.5,2,louvain,0.029,0.0188,0.14
0.2,1.5,2,leiden,0.0195,0.0113,0.08
0.2,1.5,2,kmeans,1.0,1.0,0.01
0.2,1.5,2,dmon,1.0,1.0,2.33
0.2,1.5,2,mincut,0.0,0.0,2.8
0.2,1.5,3,louvain,0.0226,0.0112,0.11
0.2,1.5,3,leiden,0.0079,0.001,0.07
0.2,1.5,3,kmeans,1.0,1.0,0.01
0.2,1.5,3,dmon,1.0,1.0,2.2
0.2,1.5,3,mincut,0.0,0.0,2.64
0.2,1.5,4,louvain,0.0353,0.0198,0.11
0.2,1.5,4,leiden,0.0292,0.0134,0.07
0.2,1.5,4,kmeans,1.0,1.0,0.01
0.2,1.5,4,dmon,1.0,1.0,2.23
0.2,1.5,4,mincut,0.0,0.0,2.56
0.35,0.0,0,louvain,0.1995,0.2011,0.18
0.35,0.0,0,leiden,0.1609,0.1465,0.08
0.35,0.0,0,kmeans,0.007,0.0033,0.02
0.35,0.0,0,dmon,0.0054,0.0021,2.22
0.35,0.0,0,mincut,0.0,0.0,2.82
0.35,0.0,1,louvain,0.1454,0.1289,0.16
0.35,0.0,1,leiden,0.1025,0.0857,0.07
0.35,0.0,1,kmeans,0.0012,-0.0019,0.03
0.35,0.0,1,dmon,0.0032,0.0,2.42
0.35,0.0,1,mincut,0.0071,0.0041,2.81
0.35,0.0,2,louvain,0.1171,0.101,0.15
0.35,0.0,2,leiden,0.0902,0.0625,0.07
0.35,0.0,2,kmeans,0.0029,-0.0003,0.03
0.35,0.0,2,dmon,0.0038,0.0005,2.35
0.35,0.0,2,mincut,0.0047,0.0,2.8
0.35,0.0,3,louvain,0.113,0.0701,0.16
0.35,0.0,3,leiden,0.298,0.2903,0.07
0.35,0.0,3,kmeans,0.0065,0.003,0.03
0.35,0.0,3,dmon,0.0043,0.001,2.37
0.35,0.0,3,mincut,0.002,0.0,2.86
0.35,0.0,4,louvain,0.2752,0.2872,0.18
0.35,0.0,4,leiden,0.0776,0.0585,0.07
0.35,0.0,4,kmeans,0.0026,-0.0006,0.03
0.35,0.0,4,dmon,0.007,0.0033,2.32
0.35,0.0,4,mincut,0.0,0.0,2.78
0.35,0.2,0,louvain,0.1995,0.2011,0.18
0.35,0.2,0,leiden,0.1609,0.1465,0.08
0.35,0.2,0,kmeans,0.0909,0.0891,0.02
0.35,0.2,0,dmon,0.0707,0.0617,2.33
0.35,0.2,0,mincut,0.0,0.0,2.8
0.35,0.2,1,louvain,0.1454,0.1289,0.16
0.35,0.2,1,leiden,0.1025,0.0857,0.07
0.35,0.2,1,kmeans,0.0734,0.0616,0.03
0.35,0.2,1,dmon,0.1279,0.1303,2.37
0.35,0.2,1,mincut,0.0062,0.0002,2.93
0.35,0.2,2,louvain,0.1171,0.101,0.16
0.35,0.2,2,leiden,0.0902,0.0625,0.07
0.35,0.2,2,kmeans,0.05,0.048,0.03
0.35,0.2,2,dmon,0.0454,0.0387,2.44
0.35,0.2,2,mincut,0.0,0.0,2.82
0.35,0.2,3,louvain,0.113,0.0701,0.16
0.35,0.2,3,leiden,0.298,0.2903,0.07
0.35,0.2,3,kmeans,0.1119,0.1077,0.03
0.35,0.2,3,dmon,0.1938,0.1903,2.35
0.35,0.2,3,mincut,0.0043,0.0004,2.78
0.35,0.2,4,louvain,0.2752,0.2872,0.18
0.35,0.2,4,leiden,0.0776,0.0585,0.07
0.35,0.2,4,kmeans,0.1309,0.13,0.03
0.35,0.2,4,dmon,0.1459,0.1445,2.35
0.35,0.2,4,mincut,0.0,0.0,2.82
0.35,0.35,0,louvain,0.1995,0.2011,0.18
0.35,0.35,0,leiden,0.1609,0.1465,0.08
0.35,0.35,0,kmeans,0.4238,0.4588,0.02
0.35,0.35,0,dmon,0.4347,0.433,2.35
0.35,0.35,0,mincut,0.0,0.0,2.82
0.35,0.35,1,louvain,0.1454,0.1289,0.16
0.35,0.35,1,leiden,0.1025,0.0857,0.07
0.35,0.35,1,kmeans,0.4793,0.5221,0.03
0.35,0.35,1,dmon,0.7236,0.7746,2.35
0.35,0.35,1,mincut,0.0014,-0.0,2.8
0.35,0.35,2,louvain,0.1171,0.101,0.15
0.35,0.35,2,leiden,0.0902,0.0625,0.07
0.35,0.35,2,kmeans,0.417,0.4539,0.03
0.35,0.35,2,dmon,0.2474,0.2247,2.35
0.35,0.35,2,mincut,0.0,0.0,2.77
0.35,0.35,3,louvain,0.113,0.0701,0.16
0.35,0.35,3,leiden,0.298,0.2903,0.07
0.35,0.35,3,kmeans,0.5697,0.6244,0.02
0.35,0.35,3,dmon,0.644,0.6761,2.35
0.35,0.35,3,mincut,0.0103,0.0089,2.79
0.35,0.35,4,louvain,0.2752,0.2872,0.18
0.35,0.35,4,leiden,0.0776,0.0585,0.07
0.35,0.35,4,kmeans,0.5033,0.5515,0.02
0.35,0.35,4,dmon,0.7171,0.7692,2.33
0.35,0.35,4,mincut,0.0,0.0,2.78
0.35,0.5,0,louvain,0.1995,0.2011,0.18
0.35,0.5,0,leiden,0.1609,0.1465,0.08
0.35,0.5,0,kmeans,0.7088,0.7585,0.02
0.35,0.5,0,dmon,0.7975,0.8358,2.43
0.35,0.5,0,mincut,0.0,0.0,2.9
0.35,0.5,1,louvain,0.1454,0.1289,0.16
0.35,0.5,1,leiden,0.1025,0.0857,0.07
0.35,0.5,1,kmeans,0.7624,0.8114,0.01
0.35,0.5,1,dmon,0.9207,0.9474,2.36
0.35,0.5,1,mincut,0.002,-0.0,2.81
0.35,0.5,2,louvain,0.1171,0.101,0.15
0.35,0.5,2,leiden,0.0902,0.0625,0.07
0.35,0.5,2,kmeans,0.6986,0.7449,0.01
0.35,0.5,2,dmon,0.8452,0.8888,2.35
0.35,0.5,2,mincut,0.0044,0.0,2.78
0.35,0.5,3,louvain,0.113,0.0701,0.16
0.35,0.5,3,leiden,0.298,0.2903,0.07
0.35,0.5,3,kmeans,0.8401,0.8861,0.01
0.35,0.5,3,dmon,0.9273,0.9527,2.38
0.35,0.5,3,mincut,0.0048,0.0002,2.82
0.35,0.5,4,louvain,0.2752,0.2872,0.18
0.35,0.5,4,leiden,0.0776,0.0585,0.07
0.35,0.5,4,kmeans,0.7821,0.8307,0.01
0.35,0.5,4,dmon,0.9066,0.9347,2.46
0.35,0.5,4,mincut,0.0,0.0,2.8
0.35,0.65,0,louvain,0.1995,0.2011,0.18
0.35,0.65,0,leiden,0.1609,0.1465,0.08
0.35,0.65,0,kmeans,0.9011,0.9228,0.01
0.35,0.65,0,dmon,0.9581,0.971,2.36
0.35,0.65,0,mincut,0.0,0.0,2.81
0.35,0.65,1,louvain,0.1454,0.1289,0.16
0.35,0.65,1,leiden,0.1025,0.0857,0.07
0.35,0.65,1,kmeans,0.9299,0.9552,0.01
0.35,0.65,1,dmon,0.9681,0.9814,2.35
0.35,0.65,1,mincut,0.9644,0.9788,2.77
0.35,0.65,2,louvain,0.1171,0.101,0.15
0.35,0.65,2,leiden,0.0902,0.0625,0.07
0.35,0.65,2,kmeans,0.8879,0.919,0.01
0.35,0.65,2,dmon,0.9564,0.9735,2.31
0.35,0.65,2,mincut,0.0134,0.0117,2.76
0.35,0.65,3,louvain,0.113,0.0701,0.16
0.35,0.65,3,leiden,0.298,0.2903,0.07
0.35,0.65,3,kmeans,0.9738,0.9841,0.01
0.35,0.65,3,dmon,0.9906,0.9947,2.37
0.35,0.65,3,mincut,0.0,0.0,2.77
0.35,0.65,4,louvain,0.2752,0.2872,0.18
0.35,0.65,4,leiden,0.0776,0.0585,0.07
0.35,0.65,4,kmeans,0.9347,0.9553,0.01
0.35,0.65,4,dmon,0.9728,0.984,2.33
0.35,0.65,4,mincut,0.02,0.0011,2.77
0.35,0.8,0,louvain,0.1995,0.2011,0.18
0.35,0.8,0,leiden,0.1609,0.1465,0.08
0.35,0.8,0,kmeans,0.9554,0.9684,0.01
0.35,0.8,0,dmon,0.9799,0.9868,2.34
0.35,0.8,0,mincut,0.0,0.0,2.77
0.35,0.8,1,louvain,0.1454,0.1289,0.16
0.35,0.8,1,leiden,0.1025,0.0857,0.08
0.35,0.8,1,kmeans,0.9859,0.992,0.01
0.35,0.8,1,dmon,0.9906,0.9947,2.32
0.35,0.8,1,mincut,0.9812,0.9893,2.77
0.35,0.8,2,louvain,0.1171,0.101,0.15
0.35,0.8,2,leiden,0.0902,0.0625,0.07
0.35,0.8,2,kmeans,0.9573,0.9734,0.01
0.35,0.8,2,dmon,0.9822,0.9894,2.32
0.35,0.8,2,mincut,0.9718,0.984,2.75
0.35,0.8,3,louvain,0.113,0.0701,0.16
0.35,0.8,3,leiden,0.298,0.2903,0.07
0.35,0.8,3,kmeans,1.0,1.0,0.01
0.35,0.8,3,dmon,1.0,1.0,2.34
0.35,0.8,3,mincut,0.1889,0.048,2.75
0.35,0.8,4,louvain,0.2752,0.2872,0.18
0.35,0.8,4,leiden,0.0776,0.0585,0.07
0.35,0.8,4,kmeans,0.9906,0.9947,0.01
0.35,0.8,4,dmon,0.9906,0.9947,2.36
0.35,0.8,4,mincut,0.9906,0.9947,2.78
0.35,1.0,0,louvain,0.1995,0.2011,0.18
0.35,1.0,0,leiden,0.1609,0.1465,0.08
0.35,1.0,0,kmeans,0.9953,0.9973,0.01
0.35,1.0,0,dmon,0.9906,0.9947,2.33
0.35,1.0,0,mincut,0.9906,0.9947,2.76
0.35,1.0,1,louvain,0.1454,0.1289,0.16
0.35,1.0,1,leiden,0.1025,0.0857,0.07
0.35,1.0,1,kmeans,1.0,1.0,0.01
0.35,1.0,1,dmon,1.0,1.0,2.35
0.35,1.0,1,mincut,1.0,1.0,2.76
0.35,1.0,2,louvain,0.1171,0.101,0.15
0.35,1.0,2,leiden,0.0902,0.0625,0.07
0.35,1.0,2,kmeans,0.9953,0.9973,0.01
0.35,1.0,2,dmon,1.0,1.0,2.36
0.35,1.0,2,mincut,0.9859,0.992,2.75
0.35,1.0,3,louvain,0.113,0.0701,0.16
0.35,1.0,3,leiden,0.298,0.2903,0.07
0.35,1.0,3,kmeans,1.0,1.0,0.01
0.35,1.0,3,dmon,1.0,1.0,2.33
0.35,1.0,3,mincut,1.0,1.0,2.77
0.35,1.0,4,louvain,0.2752,0.2872,0.18
0.35,1.0,4,leiden,0.0776,0.0585,0.07
0.35,1.0,4,kmeans,1.0,1.0,0.01
0.35,1.0,4,dmon,1.0,1.0,2.3
0.35,1.0,4,mincut,1.0,1.0,2.76
0.35,1.5,0,louvain,0.1995,0.2011,0.18
0.35,1.5,0,leiden,0.1609,0.1465,0.08
0.35,1.5,0,kmeans,1.0,1.0,0.01
0.35,1.5,0,dmon,1.0,1.0,2.26
0.35,1.5,0,mincut,1.0,1.0,2.62
0.35,1.5,1,louvain,0.1454,0.1289,0.16
0.35,1.5,1,leiden,0.1025,0.0857,0.07
0.35,1.5,1,kmeans,1.0,1.0,0.01
0.35,1.5,1,dmon,1.0,1.0,2.35
0.35,1.5,1,mincut,1.0,1.0,2.82
0.35,1.5,2,louvain,0.1171,0.101,0.15
0.35,1.5,2,leiden,0.0902,0.0625,0.07
0.35,1.5,2,kmeans,1.0,1.0,0.01
0.35,1.5,2,dmon,1.0,1.0,2.25
0.35,1.5,2,mincut,1.0,1.0,2.64
0.35,1.5,3,louvain,0.113,0.0701,0.28
0.35,1.5,3,leiden,0.298,0.2903,0.07
0.35,1.5,3,kmeans,1.0,1.0,0.01
0.35,1.5,3,dmon,1.0,1.0,2.25
0.35,1.5,3,mincut,1.0,1.0,2.67
0.35,1.5,4,louvain,0.2752,0.2872,0.18
0.35,1.5,4,leiden,0.0776,0.0585,0.07
0.35,1.5,4,kmeans,1.0,1.0,0.01
0.35,1.5,4,dmon,1.0,1.0,2.27
0.35,1.5,4,mincut,1.0,1.0,2.67
0.45,0.0,0,louvain,0.7211,0.7421,0.08
0.45,0.0,0,leiden,0.8708,0.9112,0.06
0.45,0.0,0,kmeans,0.007,0.0033,0.03
0.45,0.0,0,dmon,0.006,0.0026,2.27
0.45,0.0,0,mincut,0.0,0.0,2.64
0.45,0.0,1,louvain,0.7558,0.8043,0.13
0.45,0.0,1,leiden,0.8353,0.8833,0.06
0.45,0.0,1,kmeans,0.0012,-0.0019,0.03
0.45,0.0,1,dmon,0.0097,0.0062,2.28
0.45,0.0,1,mincut,0.0014,-0.0,2.64
0.45,0.0,2,louvain,0.8104,0.8529,0.09
0.45,0.0,2,leiden,0.8667,0.9086,0.07
0.45,0.0,2,kmeans,0.0029,-0.0003,0.03
0.45,0.0,2,dmon,0.0047,0.0012,2.21
0.45,0.0,2,mincut,0.0037,0.0001,2.67
0.45,0.0,3,louvain,0.8546,0.8938,0.1
0.45,0.0,3,leiden,0.8768,0.9164,0.06
0.45,0.0,3,kmeans,0.0065,0.003,0.03
0.45,0.0,3,dmon,0.0045,0.001,2.23
0.45,0.0,3,mincut,0.0037,0.0002,2.61
0.45,0.0,4,louvain,0.841,0.886,0.11
0.45,0.0,4,leiden,0.8371,0.8836,0.06
0.45,0.0,4,kmeans,0.0026,-0.0006,0.03
0.45,0.0,4,dmon,0.0039,0.0005,2.23
0.45,0.0,4,mincut,0.0,0.0,2.69
0.45,0.2,0,louvain,0.7211,0.7421,0.08
0.45,0.2,0,leiden,0.8708,0.9112,0.06
0.45,0.2,0,kmeans,0.0909,0.0891,0.02
0.45,0.2,0,dmon,0.0661,0.0565,2.24
0.45,0.2,0,mincut,0.0,0.0,2.61
0.45,0.2,1,louvain,0.7558,0.8043,0.13
0.45,0.2,1,leiden,0.8353,0.8833,0.06
0.45,0.2,1,kmeans,0.0734,0.0616,0.03
0.45,0.2,1,dmon,0.1468,0.1413,2.25
0.45,0.2,1,mincut,0.0,0.0,2.65
0.45,0.2,2,louvain,0.8104,0.8529,0.08
0.45,0.2,2,leiden,0.8667,0.9086,0.07
0.45,0.2,2,kmeans,0.05,0.048,0.03
0.45,0.2,2,dmon,0.0714,0.0617,2.21
0.45,0.2,2,mincut,0.0042,0.0001,2.6
0.45,0.2,3,louvain,0.8546,0.8938,0.1
0.45,0.2,3,leiden,0.8768,0.9164,0.06
0.45,0.2,3,kmeans,0.1119,0.1077,0.03
0.45,0.2,3,dmon,0.2307,0.2196,2.27
0.45,0.2,3,mincut,0.0011,-0.0,2.65
0.45,0.2,4,louvain,0.841,0.886,0.11
0.45,0.2,4,leiden,0.8371,0.8836,0.06
0.45,0.2,4,kmeans,0.1309,0.13,0.03
0.45,0.2,4,dmon,0.1989,0.1987,2.39
0.45,0.2,4,mincut,0.0,0.0,2.71
0.45,0.35,0,louvain,0.7211,0.7421,0.08
0.45,0.35,0,leiden,0.8708,0.9112,0.06
0.45,0.35,0,kmeans,0.4238,0.4588,0.02
0.45,0.35,0,dmon,0.6524,0.6801,2.43
0.45,0.35,0,mincut,0.8659,0.8997,2.76
0.45,0.35,1,louvain,0.7558,0.8043,0.13
0.45,0.35,1,leiden,0.8353,0.8833,0.06
0.45,0.35,1,kmeans,0.4793,0.5221,0.03
0.45,0.35,1,dmon,0.8057,0.8564,2.29
0.45,0.35,1,mincut,0.0207,0.0006,2.74
0.45,0.35,2,louvain,0.8104,0.8529,0.09
0.45,0.35,2,leiden,0.8667,0.9086,0.07
0.45,0.35,2,kmeans,0.417,0.4539,0.03
0.45,0.35,2,dmon,0.6586,0.7065,2.39
0.45,0.35,2,mincut,0.8557,0.8989,2.75
0.45,0.35,3,louvain,0.8546,0.8938,0.1
0.45,0.35,3,leiden,0.8768,0.9164,0.06
0.45,0.35,3,kmeans,0.5697,0.6244,0.02
0.45,0.35,3,dmon,0.7021,0.7265,2.28
0.45,0.35,3,mincut,0.935,0.9578,2.74
0.45,0.35,4,louvain,0.841,0.886,0.11
0.45,0.35,4,leiden,0.8371,0.8836,0.06
0.45,0.35,4,kmeans,0.5033,0.5515,0.02
0.45,0.35,4,dmon,0.8337,0.8746,2.3
0.45,0.35,4,mincut,0.903,0.9345,2.75
0.45,0.5,0,louvain,0.7211,0.7421,0.08
0.45,0.5,0,leiden,0.8708,0.9112,0.06
0.45,0.5,0,kmeans,0.7088,0.7585,0.02
0.45,0.5,0,dmon,0.9183,0.938,2.4
0.45,0.5,0,mincut,0.9547,0.9709,2.85
0.45,0.5,1,louvain,0.7558,0.8043,0.12
0.45,0.5,1,leiden,0.8353,0.8833,0.06
0.45,0.5,1,kmeans,0.7624,0.8114,0.01
0.45,0.5,1,dmon,0.9439,0.9656,2.48
0.45,0.5,1,mincut,0.9517,0.9708,2.82
0.45,0.5,2,louvain,0.8104,0.8529,0.09
0.45,0.5,2,leiden,0.8667,0.9086,0.07
0.45,0.5,2,kmeans,0.6986,0.7449,0.01
0.45,0.5,2,dmon,0.916,0.9449,2.46
0.45,0.5,2,mincut,0.9531,0.9709,2.89
0.45,0.5,3,louvain,0.8546,0.8938,0.1
0.45,0.5,3,leiden,0.8768,0.9164,0.06
0.45,0.5,3,kmeans,0.8401,0.8861,0.01
0.45,0.5,3,dmon,0.9607,0.9761,2.41
0.45,0.5,3,mincut,0.9822,0.9894,2.87
0.45,0.5,4,louvain,0.841,0.886,0.11
0.45,0.5,4,leiden,0.8371,0.8836,0.06
0.45,0.5,4,kmeans,0.7821,0.8307,0.01
0.45,0.5,4,dmon,0.949,0.9683,2.4
0.45,0.5,4,mincut,0.9644,0.9788,2.76
0.45,0.65,0,louvain,0.7211,0.7421,0.08
0.45,0.65,0,leiden,0.8708,0.9112,0.06
0.45,0.65,0,kmeans,0.9011,0.9228,0.01
0.45,0.65,0,dmon,0.9674,0.9788,2.29
0.45,0.65,0,mincut,0.9906,0.9947,2.71
0.45,0.65,1,louvain,0.7558,0.8043,0.12
0.45,0.65,1,leiden,0.8353,0.8833,0.06
0.45,0.65,1,kmeans,0.9299,0.9552,0.01
0.45,0.65,1,dmon,0.9869,0.992,2.36
0.45,0.65,1,mincut,0.9785,0.9867,2.73
0.45,0.65,2,louvain,0.8104,0.8529,0.09
0.45,0.65,2,leiden,0.8667,0.9086,0.07
0.45,0.65,2,kmeans,0.8879,0.919,0.01
0.45,0.65,2,dmon,0.9869,0.992,2.29
0.45,0.65,2,mincut,0.9859,0.992,2.68
0.45,0.65,3,louvain,0.8546,0.8938,0.1
0.45,0.65,3,leiden,0.8768,0.9164,0.06
0.45,0.65,3,kmeans,0.9738,0.9841,0.01
0.45,0.65,3,dmon,1.0,1.0,2.3
0.45,0.65,3,mincut,1.0,1.0,2.74
0.45,0.65,4,louvain,0.841,0.886,0.11
0.45,0.65,4,leiden,0.8371,0.8836,0.06
0.45,0.65,4,kmeans,0.9347,0.9553,0.01
0.45,0.65,4,dmon,0.9859,0.992,2.41
0.45,0.65,4,mincut,0.9859,0.992,2.77
0.45,0.8,0,louvain,0.7211,0.7421,0.08
0.45,0.8,0,leiden,0.8708,0.9112,0.06
0.45,0.8,0,kmeans,0.9554,0.9684,0.01
0.45,0.8,0,dmon,1.0,1.0,2.33
0.45,0.8,0,mincut,1.0,1.0,2.73
0.45,0.8,1,louvain,0.7558,0.8043,0.13
0.45,0.8,1,leiden,0.8353,0.8833,0.06
0.45,0.8,1,kmeans,0.9859,0.992,0.01
0.45,0.8,1,dmon,1.0,1.0,2.35
0.45,0.8,1,mincut,1.0,1.0,2.71
0.45,0.8,2,louvain,0.8104,0.8529,0.09
0.45,0.8,2,leiden,0.8667,0.9086,0.07
0.45,0.8,2,kmeans,0.9573,0.9734,0.01
0.45,0.8,2,dmon,0.9953,0.9973,2.28
0.45,0.8,2,mincut,1.0,1.0,2.7
0.45,0.8,3,louvain,0.8546,0.8938,0.1
0.45,0.8,3,leiden,0.8768,0.9164,0.06
0.45,0.8,3,kmeans,1.0,1.0,0.01
0.45,0.8,3,dmon,1.0,1.0,2.29
0.45,0.8,3,mincut,1.0,1.0,2.68
0.45,0.8,4,louvain,0.841,0.886,0.11
0.45,0.8,4,leiden,0.8371,0.8836,0.06
0.45,0.8,4,kmeans,0.9906,0.9947,0.01
0.45,0.8,4,dmon,1.0,1.0,2.3
0.45,0.8,4,mincut,1.0,1.0,2.68
0.45,1.0,0,louvain,0.7211,0.7421,0.08
0.45,1.0,0,leiden,0.8708,0.9112,0.06
0.45,1.0,0,kmeans,0.9953,0.9973,0.01
0.45,1.0,0,dmon,1.0,1.0,2.31
0.45,1.0,0,mincut,1.0,1.0,2.69
0.45,1.0,1,louvain,0.7558,0.8043,0.25
0.45,1.0,1,leiden,0.8353,0.8833,0.06
0.45,1.0,1,kmeans,1.0,1.0,0.01
0.45,1.0,1,dmon,1.0,1.0,2.35
0.45,1.0,1,mincut,1.0,1.0,2.75
0.45,1.0,2,louvain,0.8104,0.8529,0.09
0.45,1.0,2,leiden,0.8667,0.9086,0.07
0.45,1.0,2,kmeans,0.9953,0.9973,0.01
0.45,1.0,2,dmon,1.0,1.0,2.32
0.45,1.0,2,mincut,1.0,1.0,2.72
0.45,1.0,3,louvain,0.8546,0.8938,0.1
0.45,1.0,3,leiden,0.8768,0.9164,0.06
0.45,1.0,3,kmeans,1.0,1.0,0.01
0.45,1.0,3,dmon,1.0,1.0,2.35
0.45,1.0,3,mincut,1.0,1.0,2.75
0.45,1.0,4,louvain,0.841,0.886,0.11
0.45,1.0,4,leiden,0.8371,0.8836,0.06
0.45,1.0,4,kmeans,1.0,1.0,0.01
0.45,1.0,4,dmon,1.0,1.0,2.33
0.45,1.0,4,mincut,1.0,1.0,2.75
0.45,1.5,0,louvain,0.7211,0.7421,0.08
0.45,1.5,0,leiden,0.8708,0.9112,0.06
0.45,1.5,0,kmeans,1.0,1.0,0.01
0.45,1.5,0,dmon,1.0,1.0,2.31
0.45,1.5,0,mincut,1.0,1.0,2.73
0.45,1.5,1,louvain,0.7558,0.8043,0.13
0.45,1.5,1,leiden,0.8353,0.8833,0.06
0.45,1.5,1,kmeans,1.0,1.0,0.01
0.45,1.5,1,dmon,1.0,1.0,2.34
0.45,1.5,1,mincut,1.0,1.0,2.75
0.45,1.5,2,louvain,0.8104,0.8529,0.09
0.45,1.5,2,leiden,0.8667,0.9086,0.07
0.45,1.5,2,kmeans,1.0,1.0,0.01
0.45,1.5,2,dmon,1.0,1.0,2.33
0.45,1.5,2,mincut,1.0,1.0,2.71
0.45,1.5,3,louvain,0.8546,0.8938,0.1
0.45,1.5,3,leiden,0.8768,0.9164,0.06
0.45,1.5,3,kmeans,1.0,1.0,0.01
0.45,1.5,3,dmon,1.0,1.0,2.3
0.45,1.5,3,mincut,1.0,1.0,2.88
0.45,1.5,4,louvain,0.841,0.886,0.11
0.45,1.5,4,leiden,0.8371,0.8836,0.06
0.45,1.5,4,kmeans,1.0,1.0,0.01
0.45,1.5,4,dmon,1.0,1.0,2.5
0.45,1.5,4,mincut,1.0,1.0,2.77
0.55,0.0,0,louvain,0.9402,0.963,0.08
0.55,0.0,0,leiden,0.9449,0.9656,0.05
0.55,0.0,0,kmeans,0.007,0.0033,0.03
0.55,0.0,0,dmon,0.0116,0.0081,2.4
0.55,0.0,0,mincut,0.0,0.0,2.75
0.55,0.0,1,louvain,0.9611,0.9761,0.07
0.55,0.0,1,leiden,0.9648,0.9788,0.05
0.55,0.0,1,kmeans,0.0012,-0.0019,0.03
0.55,0.0,1,dmon,0.0029,-0.0004,2.35
0.55,0.0,1,mincut,0.0,0.0,2.84
0.55,0.0,2,louvain,0.9406,0.963,0.08
0.55,0.0,2,leiden,0.9406,0.963,0.05
0.55,0.0,2,kmeans,0.0029,-0.0003,0.03
0.55,0.0,2,dmon,0.0087,0.0045,2.38
0.55,0.0,2,mincut,0.0021,0.0003,2.77
0.55,0.0,3,louvain,0.9812,0.9893,0.06
0.55,0.0,3,leiden,0.9775,0.9867,0.05
0.55,0.0,3,kmeans,0.0065,0.003,0.03
0.55,0.0,3,dmon,0.0053,0.0017,2.37
0.55,0.0,3,mincut,0.0,0.0,2.8
0.55,0.0,4,louvain,0.9554,0.9708,0.09
0.55,0.0,4,leiden,0.949,0.9682,0.06
0.55,0.0,4,kmeans,0.0026,-0.0006,0.03
0.55,0.0,4,dmon,0.0116,0.0075,2.39
0.55,0.0,4,mincut,0.0,0.0,2.96
0.55,0.2,0,louvain,0.9402,0.963,0.08
0.55,0.2,0,leiden,0.9449,0.9656,0.06
0.55,0.2,0,kmeans,0.0909,0.0891,0.02
0.55,0.2,0,dmon,0.1996,0.1902,2.44
0.55,0.2,0,mincut,0.7022,0.746,2.78
0.55,0.2,1,louvain,0.9611,0.9761,0.07
0.55,0.2,1,leiden,0.9648,0.9788,0.05
0.55,0.2,1,kmeans,0.0734,0.0616,0.03
0.55,0.2,1,dmon,0.4603,0.498,2.26
0.55,0.2,1,mincut,0.7821,0.8366,2.81
0.55,0.2,2,louvain,0.9406,0.963,0.08
0.55,0.2,2,leiden,0.9406,0.963,0.05
0.55,0.2,2,kmeans,0.05,0.048,0.03
0.55,0.2,2,dmon,0.1661,0.1589,2.45
0.55,0.2,2,mincut,0.7142,0.7605,2.92
0.55,0.2,3,louvain,0.9812,0.9893,0.07
0.55,0.2,3,leiden,0.9775,0.9867,0.05
0.55,0.2,3,kmeans,0.1119,0.1077,0.03
0.55,0.2,3,dmon,0.2922,0.2719,2.35
0.55,0.2,3,mincut,0.871,0.9089,2.75
0.55,0.2,4,louvain,0.9554,0.9708,0.09
0.55,0.2,4,leiden,0.949,0.9682,0.06
0.55,0.2,4,kmeans,0.1309,0.13,0.03
0.55,0.2,4,dmon,0.3828,0.3703,2.33
0.55,0.2,4,mincut,0.8141,0.8576,3.12
0.55,0.35,0,louvain,0.9402,0.963,0.08
0.55,0.35,0,leiden,0.9449,0.9656,0.05
0.55,0.35,0,kmeans,0.4238,0.4588,0.02
0.55,0.35,0,dmon,0.6622,0.6559,2.35
0.55,0.35,0,mincut,0.9305,0.9552,2.72
0.55,0.35,1,louvain,0.9611,0.9761,0.08
0.55,0.35,1,leiden,0.9648,0.9788,0.05
0.55,0.35,1,kmeans,0.4793,0.5221,0.03
0.55,0.35,1,dmon,0.9142,0.9423,2.33
0.55,0.35,1,mincut,0.9557,0.9709,2.76
0.55,0.35,2,louvain,0.9406,0.963,0.07
0.55,0.35,2,leiden,0.9406,0.963,0.05
0.55,0.35,2,kmeans,0.417,0.4539,0.03
0.55,0.35,2,dmon,0.8619,0.897,2.25
0.55,0.35,2,mincut,0.9423,0.9605,2.7
0.55,0.35,3,louvain,0.9812,0.9893,0.06
0.55,0.35,3,leiden,0.9775,0.9867,0.05
0.55,0.35,3,kmeans,0.5697,0.6244,0.02
0.55,0.35,3,dmon,0.9644,0.9787,2.27
0.55,0.35,3,mincut,0.9765,0.9867,2.7
0.55,0.35,4,louvain,0.9554,0.9708,0.09
0.55,0.35,4,leiden,0.949,0.9682,0.05
0.55,0.35,4,kmeans,0.5033,0.5515,0.02
0.55,0.35,4,dmon,0.9072,0.9348,2.29
0.55,0.35,4,mincut,0.9524,0.9683,2.7
0.55,0.5,0,louvain,0.9402,0.963,0.08
0.55,0.5,0,leiden,0.9449,0.9656,0.05
0.55,0.5,0,kmeans,0.7088,0.7585,0.02
0.55,0.5,0,dmon,0.9347,0.9554,2.28
0.55,0.5,0,mincut,0.9906,0.9947,2.7
0.55,0.5,1,louvain,0.9611,0.9761,0.07
0.55,0.5,1,leiden,0.9648,0.9788,0.05
0.55,0.5,1,kmeans,0.7624,0.8114,0.01
0.55,0.5,1,dmon,0.9822,0.9894,2.3
0.55,0.5,1,mincut,0.9738,0.984,2.74
0.55,0.5,2,louvain,0.9406,0.963,0.07
0.55,0.5,2,leiden,0.9406,0.963,0.05
0.55,0.5,2,kmeans,0.6986,0.7449,0.02
0.55,0.5,2,dmon,0.949,0.9682,2.29
0.55,0.5,2,mincut,0.9822,0.9894,2.71
0.55,0.5,3,louvain,0.9812,0.9893,0.06
0.55,0.5,3,leiden,0.9775,0.9867,0.05
0.55,0.5,3,kmeans,0.8401,0.8861,0.01
0.55,0.5,3,dmon,0.9859,0.992,2.34
0.55,0.5,3,mincut,1.0,1.0,2.73
0.55,0.5,4,louvain,0.9554,0.9708,0.09
0.55,0.5,4,leiden,0.949,0.9682,0.06
0.55,0.5,4,kmeans,0.7821,0.8307,0.01
0.55,0.5,4,dmon,0.9775,0.9867,2.29
0.55,0.5,4,mincut,0.9775,0.9867,2.75
0.55,0.65,0,louvain,0.9402,0.963,0.08
0.55,0.65,0,leiden,0.9449,0.9656,0.05
0.55,0.65,0,kmeans,0.9011,0.9228,0.01
0.55,0.65,0,dmon,1.0,1.0,2.32
0.55,0.65,0,mincut,0.9953,0.9973,2.73
0.55,0.65,1,louvain,0.9611,0.9761,0.07
0.55,0.65,1,leiden,0.9648,0.9788,0.05
0.55,0.65,1,kmeans,0.9299,0.9552,0.01
0.55,0.65,1,dmon,1.0,1.0,2.34
0.55,0.65,1,mincut,1.0,1.0,2.79
0.55,0.65,2,louvain,0.9406,0.963,0.07
0.55,0.65,2,leiden,0.9406,0.963,0.05
0.55,0.65,2,kmeans,0.8879,0.919,0.01
0.55,0.65,2,dmon,0.9953,0.9973,2.31
0.55,0.65,2,mincut,0.9953,0.9973,2.72
0.55,0.65,3,louvain,0.9812,0.9893,0.06
0.55,0.65,3,leiden,0.9775,0.9867,0.05
0.55,0.65,3,kmeans,0.9738,0.9841,0.01
0.55,0.65,3,dmon,1.0,1.0,2.3
0.55,0.65,3,mincut,1.0,1.0,2.73
0.55,0.65,4,louvain,0.9554,0.9708,0.09
0.55,0.65,4,leiden,0.949,0.9682,0.06
0.55,0.65,4,kmeans,0.9347,0.9553,0.01
0.55,0.65,4,dmon,0.9953,0.9973,2.46
0.55,0.65,4,mincut,0.9953,0.9973,2.87
0.55,0.8,0,louvain,0.9402,0.963,0.08
0.55,0.8,0,leiden,0.9449,0.9656,0.05
0.55,0.8,0,kmeans,0.9554,0.9684,0.01
0.55,0.8,0,dmon,1.0,1.0,2.46
0.55,0.8,0,mincut,1.0,1.0,2.78
0.55,0.8,1,louvain,0.9611,0.9761,0.07
0.55,0.8,1,leiden,0.9648,0.9788,0.05
0.55,0.8,1,kmeans,0.9859,0.992,0.01
0.55,0.8,1,dmon,1.0,1.0,2.36
0.55,0.8,1,mincut,1.0,1.0,2.74
0.55,0.8,2,louvain,0.9406,0.963,0.07
0.55,0.8,2,leiden,0.9406,0.963,0.05
0.55,0.8,2,kmeans,0.9573,0.9734,0.01
0.55,0.8,2,dmon,0.9953,0.9973,2.34
0.55,0.8,2,mincut,1.0,1.0,2.79
0.55,0.8,3,louvain,0.9812,0.9893,0.06
0.55,0.8,3,leiden,0.9775,0.9867,0.05
0.55,0.8,3,kmeans,1.0,1.0,0.01
0.55,0.8,3,dmon,1.0,1.0,2.35
0.55,0.8,3,mincut,1.0,1.0,2.75
0.55,0.8,4,louvain,0.9554,0.9708,0.09
0.55,0.8,4,leiden,0.949,0.9682,0.05
0.55,0.8,4,kmeans,0.9906,0.9947,0.01
0.55,0.8,4,dmon,1.0,1.0,2.32
0.55,0.8,4,mincut,1.0,1.0,2.82
0.55,1.0,0,louvain,0.9402,0.963,0.08
0.55,1.0,0,leiden,0.9449,0.9656,0.05
0.55,1.0,0,kmeans,0.9953,0.9973,0.01
0.55,1.0,0,dmon,1.0,1.0,2.34
0.55,1.0,0,mincut,1.0,1.0,2.75
0.55,1.0,1,louvain,0.9611,0.9761,0.07
0.55,1.0,1,leiden,0.9648,0.9788,0.05
0.55,1.0,1,kmeans,1.0,1.0,0.01
0.55,1.0,1,dmon,1.0,1.0,2.3
0.55,1.0,1,mincut,1.0,1.0,2.75
0.55,1.0,2,louvain,0.9406,0.963,0.07
0.55,1.0,2,leiden,0.9406,0.963,0.05
0.55,1.0,2,kmeans,0.9953,0.9973,0.01
0.55,1.0,2,dmon,1.0,1.0,2.28
0.55,1.0,2,mincut,1.0,1.0,2.72
0.55,1.0,3,louvain,0.9812,0.9893,0.19
0.55,1.0,3,leiden,0.9775,0.9867,0.05
0.55,1.0,3,kmeans,1.0,1.0,0.01
0.55,1.0,3,dmon,1.0,1.0,2.37
0.55,1.0,3,mincut,1.0,1.0,2.75
0.55,1.0,4,louvain,0.9554,0.9708,0.09
0.55,1.0,4,leiden,0.949,0.9682,0.06
0.55,1.0,4,kmeans,1.0,1.0,0.01
0.55,1.0,4,dmon,1.0,1.0,2.32
0.55,1.0,4,mincut,1.0,1.0,2.77
0.55,1.5,0,louvain,0.9402,0.963,0.08
0.55,1.5,0,leiden,0.9449,0.9656,0.05
0.55,1.5,0,kmeans,1.0,1.0,0.01
0.55,1.5,0,dmon,1.0,1.0,2.33
0.55,1.5,0,mincut,1.0,1.0,2.77
0.55,1.5,1,louvain,0.9611,0.9761,0.07
0.55,1.5,1,leiden,0.9648,0.9788,0.05
0.55,1.5,1,kmeans,1.0,1.0,0.01
0.55,1.5,1,dmon,1.0,1.0,2.35
0.55,1.5,1,mincut,1.0,1.0,2.74
0.55,1.5,2,louvain,0.9406,0.963,0.07
0.55,1.5,2,leiden,0.9406,0.963,0.05
0.55,1.5,2,kmeans,1.0,1.0,0.01
0.55,1.5,2,dmon,1.0,1.0,2.33
0.55,1.5,2,mincut,1.0,1.0,2.75
0.55,1.5,3,louvain,0.9812,0.9893,0.06
0.55,1.5,3,leiden,0.9775,0.9867,0.05
0.55,1.5,3,kmeans,1.0,1.0,0.01
0.55,1.5,3,dmon,1.0,1.0,2.32
0.55,1.5,3,mincut,1.0,1.0,2.75
0.55,1.5,4,louvain,0.9554,0.9708,0.09
0.55,1.5,4,leiden,0.949,0.9682,0.06
0.55,1.5,4,kmeans,1.0,1.0,0.01
0.55,1.5,4,dmon,1.0,1.0,2.35
0.55,1.5,4,mincut,1.0,1.0,2.74
0.65,0.0,0,louvain,0.9859,0.992,0.1
0.65,0.0,0,leiden,0.9953,0.9973,0.04
0.65,0.0,0,kmeans,0.007,0.0033,0.03
0.65,0.0,0,dmon,0.0112,0.0076,2.45
0.65,0.0,0,mincut,0.0,0.0,2.89
0.65,0.0,1,louvain,0.9953,0.9973,0.07
0.65,0.0,1,leiden,1.0,1.0,0.04
0.65,0.0,1,kmeans,0.0012,-0.0019,0.03
0.65,0.0,1,dmon,0.0143,0.0103,2.39
0.65,0.0,1,mincut,0.0,0.0,2.81
0.65,0.0,2,louvain,1.0,1.0,0.07
0.65,0.0,2,leiden,1.0,1.0,0.04
0.65,0.0,2,kmeans,0.0029,-0.0003,0.03
0.65,0.0,2,dmon,0.0068,0.003,2.49
0.65,0.0,2,mincut,0.0068,0.0043,2.89
0.65,0.0,3,louvain,0.9953,0.9973,0.07
0.65,0.0,3,leiden,0.9953,0.9973,0.05
0.65,0.0,3,kmeans,0.0065,0.003,0.03
0.65,0.0,3,dmon,0.0055,0.0022,2.33
0.65,0.0,3,mincut,0.0,0.0,2.79
0.65,0.0,4,louvain,1.0,1.0,0.07
0.65,0.0,4,leiden,1.0,1.0,0.04
0.65,0.0,4,kmeans,0.0026,-0.0006,0.03
0.65,0.0,4,dmon,0.0124,0.0085,2.37
0.65,0.0,4,mincut,0.0,0.0,2.75
0.65,0.2,0,louvain,0.9859,0.992,0.09
0.65,0.2,0,leiden,0.9953,0.9973,0.04
0.65,0.2,0,kmeans,0.0909,0.0891,0.02
0.65,0.2,0,dmon,0.4866,0.4749,2.29
0.65,0.2,0,mincut,0.9292,0.9527,2.77
0.65,0.2,1,louvain,0.9953,0.9973,0.06
0.65,0.2,1,leiden,1.0,1.0,0.04
0.65,0.2,1,kmeans,0.0734,0.0616,0.03
0.65,0.2,1,dmon,0.4817,0.5074,2.29
0.65,0.2,1,mincut,0.9083,0.9396,2.78
0.65,0.2,2,louvain,1.0,1.0,0.07
0.65,0.2,2,leiden,1.0,1.0,0.05
0.65,0.2,2,kmeans,0.05,0.048,0.03
0.65,0.2,2,dmon,0.1607,0.1401,2.4
0.65,0.2,2,mincut,0.837,0.8769,2.71
0.65,0.2,3,louvain,0.9953,0.9973,0.07
0.65,0.2,3,leiden,0.9953,0.9973,0.05
0.65,0.2,3,kmeans,0.1119,0.1077,0.03
0.65,0.2,3,dmon,0.5369,0.5512,2.32
0.65,0.2,3,mincut,0.9463,0.9657,2.76
0.65,0.2,4,louvain,1.0,1.0,0.07
0.65,0.2,4,leiden,1.0,1.0,0.04
0.65,0.2,4,kmeans,0.1309,0.13,0.03
0.65,0.2,4,dmon,0.6494,0.6812,2.28
0.65,0.2,4,mincut,0.9476,0.9682,2.78
0.65,0.35,0,louvain,0.9859,0.992,0.09
0.65,0.35,0,leiden,0.9953,0.9973,0.04
0.65,0.35,0,kmeans,0.4238,0.4588,0.02
0.65,0.35,0,dmon,0.9604,0.9736,2.35
0.65,0.35,0,mincut,0.9812,0.9893,2.75
0.65,0.35,1,louvain,0.9953,0.9973,0.07
0.65,0.35,1,leiden,1.0,1.0,0.04
0.65,0.35,1,kmeans,0.4793,0.5221,0.03
0.65,0.35,1,dmon,0.9597,0.9761,2.38
0.65,0.35,1,mincut,0.9859,0.992,2.74
0.65,0.35,2,louvain,1.0,1.0,0.07
0.65,0.35,2,leiden,1.0,1.0,0.04
0.65,0.35,2,kmeans,0.417,0.4539,0.03
0.65,0.35,2,dmon,0.944,0.9631,2.23
0.65,0.35,2,mincut,0.9728,0.9841,2.61
0.65,0.35,3,louvain,0.9953,0.9973,0.07
0.65,0.35,3,leiden,0.9953,0.9973,0.05
0.65,0.35,3,kmeans,0.5697,0.6244,0.02
0.65,0.35,3,dmon,0.9738,0.9841,2.24
0.65,0.35,3,mincut,0.9869,0.992,2.81
0.65,0.35,4,louvain,1.0,1.0,0.07
0.65,0.35,4,leiden,1.0,1.0,0.04
0.65,0.35,4,kmeans,0.5033,0.5515,0.02
0.65,0.35,4,dmon,0.9812,0.9893,2.33
0.65,0.35,4,mincut,0.9953,0.9973,2.84
0.65,0.5,0,louvain,0.9859,0.992,0.09
0.65,0.5,0,leiden,0.9953,0.9973,0.04
0.65,0.5,0,kmeans,0.7088,0.7585,0.02
0.65,0.5,0,dmon,0.9906,0.9947,2.31
0.65,0.5,0,mincut,0.9953,0.9973,2.85
0.65,0.5,1,louvain,0.9953,0.9973,0.07
0.65,0.5,1,leiden,1.0,1.0,0.04
0.65,0.5,1,kmeans,0.7624,0.8114,0.01
0.65,0.5,1,dmon,1.0,1.0,2.41
0.65,0.5,1,mincut,1.0,1.0,2.81
0.65,0.5,2,louvain,1.0,1.0,0.07
0.65,0.5,2,leiden,1.0,1.0,0.04
0.65,0.5,2,kmeans,0.6986,0.7449,0.01
0.65,0.5,2,dmon,0.9906,0.9947,2.33
0.65,0.5,2,mincut,0.9859,0.992,2.71
0.65,0.5,3,louvain,0.9953,0.9973,0.07
0.65,0.5,3,leiden,0.9953,0.9973,0.05
0.65,0.5,3,kmeans,0.8401,0.8861,0.01
0.65,0.5,3,dmon,0.9906,0.9947,2.3
0.65,0.5,3,mincut,1.0,1.0,2.72
0.65,0.5,4,louvain,1.0,1.0,0.07
0.65,0.5,4,leiden,1.0,1.0,0.04
0.65,0.5,4,kmeans,0.7821,0.8307,0.01
0.65,0.5,4,dmon,1.0,1.0,2.28
0.65,0.5,4,mincut,1.0,1.0,2.73
0.65,0.65,0,louvain,0.9859,0.992,0.09
0.65,0.65,0,leiden,0.9953,0.9973,0.04
0.65,0.65,0,kmeans,0.9011,0.9228,0.01
0.65,0.65,0,dmon,1.0,1.0,2.3
0.65,0.65,0,mincut,1.0,1.0,2.69
0.65,0.65,1,louvain,0.9953,0.9973,0.06
0.65,0.65,1,leiden,1.0,1.0,0.04
0.65,0.65,1,kmeans,0.9299,0.9552,0.01
0.65,0.65,1,dmon,1.0,1.0,2.32
0.65,0.65,1,mincut,1.0,1.0,2.72
0.65,0.65,2,louvain,1.0,1.0,0.07
0.65,0.65,2,leiden,1.0,1.0,0.04
0.65,0.65,2,kmeans,0.8879,0.919,0.01
0.65,0.65,2,dmon,0.9953,0.9973,2.25
0.65,0.65,2,mincut,1.0,1.0,2.71
0.65,0.65,3,louvain,0.9953,0.9973,0.07
0.65,0.65,3,leiden,0.9953,0.9973,0.05
0.65,0.65,3,kmeans,0.9738,0.9841,0.01
0.65,0.65,3,dmon,1.0,1.0,2.29
0.65,0.65,3,mincut,1.0,1.0,2.75
0.65,0.65,4,louvain,1.0,1.0,0.07
0.65,0.65,4,leiden,1.0,1.0,0.04
0.65,0.65,4,kmeans,0.9347,0.9553,0.01
0.65,0.65,4,dmon,1.0,1.0,2.29
0.65,0.65,4,mincut,1.0,1.0,2.71
0.65,0.8,0,louvain,0.9859,0.992,0.09
0.65,0.8,0,leiden,0.9953,0.9973,0.04
0.65,0.8,0,kmeans,0.9554,0.9684,0.01
0.65,0.8,0,dmon,1.0,1.0,2.26
0.65,0.8,0,mincut,1.0,1.0,2.7
0.65,0.8,1,louvain,0.9953,0.9973,0.06
0.65,0.8,1,leiden,1.0,1.0,0.04
0.65,0.8,1,kmeans,0.9859,0.992,0.01
0.65,0.8,1,dmon,1.0,1.0,2.25
0.65,0.8,1,mincut,1.0,1.0,2.7
0.65,0.8,2,louvain,1.0,1.0,0.07
0.65,0.8,2,leiden,1.0,1.0,0.04
0.65,0.8,2,kmeans,0.9573,0.9734,0.01
0.65,0.8,2,dmon,1.0,1.0,2.27
0.65,0.8,2,mincut,1.0,1.0,2.67
0.65,0.8,3,louvain,0.9953,0.9973,0.07
0.65,0.8,3,leiden,0.9953,0.9973,0.05
0.65,0.8,3,kmeans,1.0,1.0,0.01
0.65,0.8,3,dmon,1.0,1.0,2.31
0.65,0.8,3,mincut,1.0,1.0,2.72
0.65,0.8,4,louvain,1.0,1.0,0.07
0.65,0.8,4,leiden,1.0,1.0,0.04
0.65,0.8,4,kmeans,0.9906,0.9947,0.01
0.65,0.8,4,dmon,1.0,1.0,2.27
0.65,0.8,4,mincut,1.0,1.0,2.71
0.65,1.0,0,louvain,0.9859,0.992,0.09
0.65,1.0,0,leiden,0.9953,0.9973,0.04
0.65,1.0,0,kmeans,0.9953,0.9973,0.01
0.65,1.0,0,dmon,1.0,1.0,2.27
0.65,1.0,0,mincut,1.0,1.0,2.71
0.65,1.0,1,louvain,0.9953,0.9973,0.06
0.65,1.0,1,leiden,1.0,1.0,0.04
0.65,1.0,1,kmeans,1.0,1.0,0.01
0.65,1.0,1,dmon,1.0,1.0,2.3
0.65,1.0,1,mincut,1.0,1.0,2.7
0.65,1.0,2,louvain,1.0,1.0,0.07
0.65,1.0,2,leiden,1.0,1.0,0.04
0.65,1.0,2,kmeans,0.9953,0.9973,0.01
0.65,1.0,2,dmon,1.0,1.0,2.33
0.65,1.0,2,mincut,1.0,1.0,2.87
0.65,1.0,3,louvain,0.9953,0.9973,0.07
0.65,1.0,3,leiden,0.9953,0.9973,0.05
0.65,1.0,3,kmeans,1.0,1.0,0.01
0.65,1.0,3,dmon,1.0,1.0,2.32
0.65,1.0,3,mincut,1.0,1.0,2.71
0.65,1.0,4,louvain,1.0,1.0,0.07
0.65,1.0,4,leiden,1.0,1.0,0.04
0.65,1.0,4,kmeans,1.0,1.0,0.01
0.65,1.0,4,dmon,1.0,1.0,2.29
0.65,1.0,4,mincut,1.0,1.0,2.72
0.65,1.5,0,louvain,0.9859,0.992,0.09
0.65,1.5,0,leiden,0.9953,0.9973,0.04
0.65,1.5,0,kmeans,1.0,1.0,0.01
0.65,1.5,0,dmon,1.0,1.0,2.28
0.65,1.5,0,mincut,1.0,1.0,2.73
0.65,1.5,1,louvain,0.9953,0.9973,0.06
0.65,1.5,1,leiden,1.0,1.0,0.04
0.65,1.5,1,kmeans,1.0,1.0,0.01
0.65,1.5,1,dmon,1.0,1.0,2.31
0.65,1.5,1,mincut,1.0,1.0,2.7
0.65,1.5,2,louvain,1.0,1.0,0.07
0.65,1.5,2,leiden,1.0,1.0,0.04
0.65,1.5,2,kmeans,1.0,1.0,0.01
0.65,1.5,2,dmon,1.0,1.0,2.26
0.65,1.5,2,mincut,1.0,1.0,2.72
0.65,1.5,3,louvain,0.9953,0.9973,0.07
0.65,1.5,3,leiden,0.9953,0.9973,0.05
0.65,1.5,3,kmeans,1.0,1.0,0.01
0.65,1.5,3,dmon,1.0,1.0,2.33
0.65,1.5,3,mincut,1.0,1.0,2.73
0.65,1.5,4,louvain,1.0,1.0,0.07
0.65,1.5,4,leiden,1.0,1.0,0.04
0.65,1.5,4,kmeans,1.0,1.0,0.01
0.65,1.5,4,dmon,1.0,1.0,2.38
0.65,1.5,4,mincut,1.0,1.0,2.82
0.8,0.0,0,louvain,1.0,1.0,0.04
0.8,0.0,0,leiden,1.0,1.0,0.04
0.8,0.0,0,kmeans,0.007,0.0033,0.02
0.8,0.0,0,dmon,0.0108,0.0073,2.3
0.8,0.0,0,mincut,0.207,0.1798,2.76
0.8,0.0,1,louvain,1.0,1.0,0.08
0.8,0.0,1,leiden,1.0,1.0,0.04
0.8,0.0,1,kmeans,0.0012,-0.0019,0.03
0.8,0.0,1,dmon,0.015,0.0105,2.34
0.8,0.0,1,mincut,0.0664,0.03,2.76
0.8,0.0,2,louvain,1.0,1.0,0.05
0.8,0.0,2,leiden,1.0,1.0,0.19
0.8,0.0,2,kmeans,0.0029,-0.0003,0.03
0.8,0.0,2,dmon,0.0104,0.0064,2.37
0.8,0.0,2,mincut,0.1728,0.1301,2.77
0.8,0.0,3,louvain,1.0,1.0,0.06
0.8,0.0,3,leiden,1.0,1.0,0.04
0.8,0.0,3,kmeans,0.0065,0.003,0.03
0.8,0.0,3,dmon,0.0092,0.0057,2.35
0.8,0.0,3,mincut,0.0,0.0,2.81
0.8,0.0,4,louvain,1.0,1.0,0.05
0.8,0.0,4,leiden,1.0,1.0,0.05
0.8,0.0,4,kmeans,0.0026,-0.0006,0.03
0.8,0.0,4,dmon,0.0077,0.004,2.35
0.8,0.0,4,mincut,0.0,0.0,2.76
0.8,0.2,0,louvain,1.0,1.0,0.04
0.8,0.2,0,leiden,1.0,1.0,0.04
0.8,0.2,0,kmeans,0.0909,0.0891,0.02
0.8,0.2,0,dmon,0.6712,0.6274,2.39
0.8,0.2,0,mincut,0.9691,0.9814,2.79
0.8,0.2,1,louvain,1.0,1.0,0.08
0.8,0.2,1,leiden,1.0,1.0,0.04
0.8,0.2,1,kmeans,0.0734,0.0616,0.03
0.8,0.2,1,dmon,0.8902,0.9242,2.4
0.8,0.2,1,mincut,0.9691,0.9814,2.79
0.8,0.2,2,louvain,1.0,1.0,0.05
0.8,0.2,2,leiden,1.0,1.0,0.04
0.8,0.2,2,kmeans,0.05,0.048,0.03
0.8,0.2,2,dmon,0.8075,0.8524,2.35
0.8,0.2,2,mincut,0.9684,0.9788,2.76
0.8,0.2,3,louvain,1.0,1.0,0.06
0.8,0.2,3,leiden,1.0,1.0,0.04
0.8,0.2,3,kmeans,0.1119,0.1077,0.03
0.8,0.2,3,dmon,0.9303,0.9552,2.38
0.8,0.2,3,mincut,0.9906,0.9947,2.78
0.8,0.2,4,louvain,1.0,1.0,0.05
0.8,0.2,4,leiden,1.0,1.0,0.05
0.8,0.2,4,kmeans,0.1309,0.13,0.03
0.8,0.2,4,dmon,0.9557,0.9709,2.35
0.8,0.2,4,mincut,0.9748,0.9841,2.8
0.8,0.35,0,louvain,1.0,1.0,0.04
0.8,0.35,0,leiden,1.0,1.0,0.04
0.8,0.35,0,kmeans,0.4238,0.4588,0.02
0.8,0.35,0,dmon,0.7323,0.6675,2.34
0.8,0.35,0,mincut,1.0,1.0,2.78
0.8,0.35,1,louvain,1.0,1.0,0.08
0.8,0.35,1,leiden,1.0,1.0,0.04
0.8,0.35,1,kmeans,0.4793,0.5221,0.03
0.8,0.35,1,dmon,1.0,1.0,2.35
0.8,0.35,1,mincut,1.0,1.0,2.74
0.8,0.35,2,louvain,1.0,1.0,0.05
0.8,0.35,2,leiden,1.0,1.0,0.04
0.8,0.35,2,kmeans,0.417,0.4539,0.03
0.8,0.35,2,dmon,0.9953,0.9973,2.28
0.8,0.35,2,mincut,1.0,1.0,2.73
0.8,0.35,3,louvain,1.0,1.0,0.06
0.8,0.35,3,leiden,1.0,1.0,0.04
0.8,0.35,3,kmeans,0.5697,0.6244,0.02
0.8,0.35,3,dmon,1.0,1.0,2.34
0.8,0.35,3,mincut,0.9953,0.9973,2.78
0.8,0.35,4,louvain,1.0,1.0,0.05
0.8,0.35,4,leiden,1.0,1.0,0.05
0.8,0.35,4,kmeans,0.5033,0.5515,0.02
0.8,0.35,4,dmon,1.0,1.0,2.33
0.8,0.35,4,mincut,1.0,1.0,2.74
0.8,0.5,0,louvain,1.0,1.0,0.04
0.8,0.5,0,leiden,1.0,1.0,0.04
0.8,0.5,0,kmeans,0.7088,0.7585,0.02
0.8,0.5,0,dmon,1.0,1.0,2.33
0.8,0.5,0,mincut,1.0,1.0,2.75
0.8,0.5,1,louvain,1.0,1.0,0.08
0.8,0.5,1,leiden,1.0,1.0,0.04
0.8,0.5,1,kmeans,0.7624,0.8114,0.01
0.8,0.5,1,dmon,1.0,1.0,2.33
0.8,0.5,1,mincut,1.0,1.0,2.75
0.8,0.5,2,louvain,1.0,1.0,0.05
0.8,0.5,2,leiden,1.0,1.0,0.04
0.8,0.5,2,kmeans,0.6986,0.7449,0.02
0.8,0.5,2,dmon,1.0,1.0,2.31
0.8,0.5,2,mincut,1.0,1.0,2.7
0.8,0.5,3,louvain,1.0,1.0,0.06
0.8,0.5,3,leiden,1.0,1.0,0.04
0.8,0.5,3,kmeans,0.8401,0.8861,0.01
0.8,0.5,3,dmon,1.0,1.0,2.39
0.8,0.5,3,mincut,1.0,1.0,2.76
0.8,0.5,4,louvain,1.0,1.0,0.05
0.8,0.5,4,leiden,1.0,1.0,0.05
0.8,0.5,4,kmeans,0.7821,0.8307,0.01
0.8,0.5,4,dmon,1.0,1.0,2.31
0.8,0.5,4,mincut,1.0,1.0,2.77
0.8,0.65,0,louvain,1.0,1.0,0.04
0.8,0.65,0,leiden,1.0,1.0,0.04
0.8,0.65,0,kmeans,0.9011,0.9228,0.01
0.8,0.65,0,dmon,1.0,1.0,2.33
0.8,0.65,0,mincut,1.0,1.0,2.77
0.8,0.65,1,louvain,1.0,1.0,0.08
0.8,0.65,1,leiden,1.0,1.0,0.04
0.8,0.65,1,kmeans,0.9299,0.9552,0.01
0.8,0.65,1,dmon,1.0,1.0,2.31
0.8,0.65,1,mincut,1.0,1.0,2.85
0.8,0.65,2,louvain,1.0,1.0,0.06
0.8,0.65,2,leiden,1.0,1.0,0.04
0.8,0.65,2,kmeans,0.8879,0.919,0.01
0.8,0.65,2,dmon,1.0,1.0,2.37
0.8,0.65,2,mincut,1.0,1.0,2.73
0.8,0.65,3,louvain,1.0,1.0,0.06
0.8,0.65,3,leiden,1.0,1.0,0.04
0.8,0.65,3,kmeans,0.9738,0.9841,0.01
0.8,0.65,3,dmon,1.0,1.0,2.42
0.8,0.65,3,mincut,1.0,1.0,2.88
0.8,0.65,4,louvain,1.0,1.0,0.05
0.8,0.65,4,leiden,1.0,1.0,0.05
0.8,0.65,4,kmeans,0.9347,0.9553,0.01
0.8,0.65,4,dmon,1.0,1.0,2.44
0.8,0.65,4,mincut,1.0,1.0,2.75
0.8,0.8,0,louvain,1.0,1.0,0.04
0.8,0.8,0,leiden,1.0,1.0,0.04
0.8,0.8,0,kmeans,0.9554,0.9684,0.01
0.8,0.8,0,dmon,1.0,1.0,2.3
0.8,0.8,0,mincut,1.0,1.0,2.69
0.8,0.8,1,louvain,1.0,1.0,0.08
0.8,0.8,1,leiden,1.0,1.0,0.04
0.8,0.8,1,kmeans,0.9859,0.992,0.01
0.8,0.8,1,dmon,1.0,1.0,2.25
0.8,0.8,1,mincut,1.0,1.0,2.98
0.8,0.8,2,louvain,1.0,1.0,0.05
0.8,0.8,2,leiden,1.0,1.0,0.04
0.8,0.8,2,kmeans,0.9573,0.9734,0.01
0.8,0.8,2,dmon,1.0,1.0,2.23
0.8,0.8,2,mincut,1.0,1.0,2.86
0.8,0.8,3,louvain,1.0,1.0,0.06
0.8,0.8,3,leiden,1.0,1.0,0.04
0.8,0.8,3,kmeans,1.0,1.0,0.01
0.8,0.8,3,dmon,1.0,1.0,2.38
0.8,0.8,3,mincut,1.0,1.0,2.8
0.8,0.8,4,louvain,1.0,1.0,0.05
0.8,0.8,4,leiden,1.0,1.0,0.05
0.8,0.8,4,kmeans,0.9906,0.9947,0.01
0.8,0.8,4,dmon,1.0,1.0,2.36
0.8,0.8,4,mincut,1.0,1.0,2.75
0.8,1.0,0,louvain,1.0,1.0,0.04
0.8,1.0,0,leiden,1.0,1.0,0.04
0.8,1.0,0,kmeans,0.9953,0.9973,0.01
0.8,1.0,0,dmon,1.0,1.0,2.33
0.8,1.0,0,mincut,1.0,1.0,2.78
0.8,1.0,1,louvain,1.0,1.0,0.08
0.8,1.0,1,leiden,1.0,1.0,0.04
0.8,1.0,1,kmeans,1.0,1.0,0.01
0.8,1.0,1,dmon,1.0,1.0,2.33
0.8,1.0,1,mincut,1.0,1.0,2.73
0.8,1.0,2,louvain,1.0,1.0,0.05
0.8,1.0,2,leiden,1.0,1.0,0.04
0.8,1.0,2,kmeans,0.9953,0.9973,0.01
0.8,1.0,2,dmon,1.0,1.0,2.31
0.8,1.0,2,mincut,1.0,1.0,2.72
0.8,1.0,3,louvain,1.0,1.0,0.06
0.8,1.0,3,leiden,1.0,1.0,0.04
0.8,1.0,3,kmeans,1.0,1.0,0.01
0.8,1.0,3,dmon,1.0,1.0,2.36
0.8,1.0,3,mincut,1.0,1.0,2.76
0.8,1.0,4,louvain,1.0,1.0,0.05
0.8,1.0,4,leiden,1.0,1.0,0.05
0.8,1.0,4,kmeans,1.0,1.0,0.01
0.8,1.0,4,dmon,1.0,1.0,2.31
0.8,1.0,4,mincut,1.0,1.0,2.79
0.8,1.5,0,louvain,1.0,1.0,0.04
0.8,1.5,0,leiden,1.0,1.0,0.04
0.8,1.5,0,kmeans,1.0,1.0,0.01
0.8,1.5,0,dmon,1.0,1.0,2.37
0.8,1.5,0,mincut,1.0,1.0,2.74
0.8,1.5,1,louvain,1.0,1.0,0.08
0.8,1.5,1,leiden,1.0,1.0,0.04
0.8,1.5,1,kmeans,1.0,1.0,0.01
0.8,1.5,1,dmon,1.0,1.0,2.31
0.8,1.5,1,mincut,1.0,1.0,2.81
0.8,1.5,2,louvain,1.0,1.0,0.05
0.8,1.5,2,leiden,1.0,1.0,0.04
0.8,1.5,2,kmeans,1.0,1.0,0.01
0.8,1.5,2,dmon,1.0,1.0,2.35
0.8,1.5,2,mincut,1.0,1.0,2.74
0.8,1.5,3,louvain,1.0,1.0,0.07
0.8,1.5,3,leiden,1.0,1.0,0.04
0.8,1.5,3,kmeans,1.0,1.0,0.01
0.8,1.5,3,dmon,1.0,1.0,2.36
0.8,1.5,3,mincut,1.0,1.0,2.75
0.8,1.5,4,louvain,1.0,1.0,0.05
0.8,1.5,4,leiden,1.0,1.0,0.05
0.8,1.5,4,kmeans,1.0,1.0,0.01
0.8,1.5,4,dmon,1.0,1.0,2.32
0.8,1.5,4,mincut,1.0,1.0,2.74
0.95,0.0,0,louvain,1.0,1.0,0.05
0.95,0.0,0,leiden,1.0,1.0,0.03
0.95,0.0,0,kmeans,0.007,0.0033,0.03
0.95,0.0,0,dmon,0.0233,0.0195,2.45
0.95,0.0,0,mincut,0.3994,0.3984,2.89
0.95,0.0,1,louvain,1.0,1.0,0.06
0.95,0.0,1,leiden,1.0,1.0,0.03
0.95,0.0,1,kmeans,0.0012,-0.0019,0.03
0.95,0.0,1,dmon,0.0207,0.0154,2.41
0.95,0.0,1,mincut,0.3125,0.2935,2.82
0.95,0.0,2,louvain,1.0,1.0,0.06
0.95,0.0,2,leiden,1.0,1.0,0.03
0.95,0.0,2,kmeans,0.0029,-0.0003,0.03
0.95,0.0,2,dmon,0.0096,0.0056,2.38
0.95,0.0,2,mincut,0.4383,0.435,2.78
0.95,0.0,3,louvain,1.0,1.0,0.06
0.95,0.0,3,leiden,1.0,1.0,0.04
0.95,0.0,3,kmeans,0.0065,0.003,0.03
0.95,0.0,3,dmon,0.0069,0.0033,2.36
0.95,0.0,3,mincut,0.2174,0.1642,2.78
0.95,0.0,4,louvain,1.0,1.0,0.05
0.95,0.0,4,leiden,1.0,1.0,0.03
0.95,0.0,4,kmeans,0.0026,-0.0006,0.03
0.95,0.0,4,dmon,0.0211,0.0166,2.37
0.95,0.0,4,mincut,0.3347,0.3257,2.78
0.95,0.2,0,louvain,1.0,1.0,0.05
0.95,0.2,0,leiden,1.0,1.0,0.03
0.95,0.2,0,kmeans,0.0909,0.0891,0.02
0.95,0.2,0,dmon,0.9347,0.9483,2.35
0.95,0.2,0,mincut,1.0,1.0,2.78
0.95,0.2,1,louvain,1.0,1.0,0.06
0.95,0.2,1,leiden,1.0,1.0,0.03
0.95,0.2,1,kmeans,0.0734,0.0616,0.03
0.95,0.2,1,dmon,0.9953,0.9973,2.35
0.95,0.2,1,mincut,0.9953,0.9973,2.77
0.95,0.2,2,louvain,1.0,1.0,0.06
0.95,0.2,2,leiden,1.0,1.0,0.03
0.95,0.2,2,kmeans,0.05,0.048,0.03
0.95,0.2,2,dmon,0.932,0.9528,2.33
0.95,0.2,2,mincut,0.9822,0.9894,2.76
0.95,0.2,3,louvain,1.0,1.0,0.06
0.95,0.2,3,leiden,1.0,1.0,0.04
0.95,0.2,3,kmeans,0.1119,0.1077,0.03
0.95,0.2,3,dmon,0.9672,0.9788,2.37
0.95,0.2,3,mincut,1.0,1.0,2.79
0.95,0.2,4,louvain,1.0,1.0,0.05
0.95,0.2,4,leiden,1.0,1.0,0.03
0.95,0.2,4,kmeans,0.1309,0.13,0.03
0.95,0.2,4,dmon,0.9953,0.9973,2.41
0.95,0.2,4,mincut,1.0,1.0,2.72
0.95,0.35,0,louvain,1.0,1.0,0.05
0.95,0.35,0,leiden,1.0,1.0,0.03
0.95,0.35,0,kmeans,0.4238,0.4588,0.02
0.95,0.35,0,dmon,1.0,1.0,2.26
0.95,0.35,0,mincut,1.0,1.0,2.64
0.95,0.35,1,louvain,1.0,1.0,0.06
0.95,0.35,1,leiden,1.0,1.0,0.03
0.95,0.35,1,kmeans,0.4793,0.5221,0.03
0.95,0.35,1,dmon,1.0,1.0,2.37
0.95,0.35,1,mincut,1.0,1.0,2.73
0.95,0.35,2,louvain,1.0,1.0,0.06
0.95,0.35,2,leiden,1.0,1.0,0.03
0.95,0.35,2,kmeans,0.417,0.4539,0.03
0.95,0.35,2,dmon,0.9812,0.9894,2.33
0.95,0.35,2,mincut,0.9906,0.9947,2.81
0.95,0.35,3,louvain,1.0,1.0,0.06
0.95,0.35,3,leiden,1.0,1.0,0.04
0.95,0.35,3,kmeans,0.5697,0.6244,0.02
0.95,0.35,3,dmon,1.0,1.0,2.36
0.95,0.35,3,mincut,1.0,1.0,2.81
0.95,0.35,4,louvain,1.0,1.0,0.05
0.95,0.35,4,leiden,1.0,1.0,0.04
0.95,0.35,4,kmeans,0.5033,0.5515,0.02
0.95,0.35,4,dmon,1.0,1.0,2.42
0.95,0.35,4,mincut,1.0,1.0,2.83
0.95,0.5,0,louvain,1.0,1.0,0.05
0.95,0.5,0,leiden,1.0,1.0,0.03
0.95,0.5,0,kmeans,0.7088,0.7585,0.02
0.95,0.5,0,dmon,1.0,1.0,2.42
0.95,0.5,0,mincut,1.0,1.0,2.84
0.95,0.5,1,louvain,1.0,1.0,0.06
0.95,0.5,1,leiden,1.0,1.0,0.03
0.95,0.5,1,kmeans,0.7624,0.8114,0.02
0.95,0.5,1,dmon,1.0,1.0,2.42
0.95,0.5,1,mincut,1.0,1.0,2.84
0.95,0.5,2,louvain,1.0,1.0,0.06
0.95,0.5,2,leiden,1.0,1.0,0.03
0.95,0.5,2,kmeans,0.6986,0.7449,0.02
0.95,0.5,2,dmon,0.9906,0.9947,2.39
0.95,0.5,2,mincut,0.9953,0.9973,2.81
0.95,0.5,3,louvain,1.0,1.0,0.06
0.95,0.5,3,leiden,1.0,1.0,0.04
0.95,0.5,3,kmeans,0.8401,0.8861,0.01
0.95,0.5,3,dmon,1.0,1.0,2.39
0.95,0.5,3,mincut,1.0,1.0,2.73
0.95,0.5,4,louvain,1.0,1.0,0.05
0.95,0.5,4,leiden,1.0,1.0,0.03
0.95,0.5,4,kmeans,0.7821,0.8307,0.01
0.95,0.5,4,dmon,1.0,1.0,2.26
0.95,0.5,4,mincut,1.0,1.0,2.7
0.95,0.65,0,louvain,1.0,1.0,0.05
0.95,0.65,0,leiden,1.0,1.0,0.03
0.95,0.65,0,kmeans,0.9011,0.9228,0.01
0.95,0.65,0,dmon,1.0,1.0,2.27
0.95,0.65,0,mincut,1.0,1.0,2.69
0.95,0.65,1,louvain,1.0,1.0,0.06
0.95,0.65,1,leiden,1.0,1.0,0.03
0.95,0.65,1,kmeans,0.9299,0.9552,0.01
0.95,0.65,1,dmon,1.0,1.0,2.3
0.95,0.65,1,mincut,1.0,1.0,2.68
0.95,0.65,2,louvain,1.0,1.0,0.06
0.95,0.65,2,leiden,1.0,1.0,0.03
0.95,0.65,2,kmeans,0.8879,0.919,0.01
0.95,0.65,2,dmon,1.0,1.0,2.41
0.95,0.65,2,mincut,1.0,1.0,2.78
0.95,0.65,3,louvain,1.0,1.0,0.08
0.95,0.65,3,leiden,1.0,1.0,0.04
0.95,0.65,3,kmeans,0.9738,0.9841,0.01
0.95,0.65,3,dmon,1.0,1.0,2.42
0.95,0.65,3,mincut,1.0,1.0,2.89
0.95,0.65,4,louvain,1.0,1.0,0.05
0.95,0.65,4,leiden,1.0,1.0,0.04
0.95,0.65,4,kmeans,0.9347,0.9553,0.01
0.95,0.65,4,dmon,1.0,1.0,2.56
0.95,0.65,4,mincut,1.0,1.0,2.96
0.95,0.8,0,louvain,1.0,1.0,0.05
0.95,0.8,0,leiden,1.0,1.0,0.04
0.95,0.8,0,kmeans,0.9554,0.9684,0.01
0.95,0.8,0,dmon,1.0,1.0,2.45
0.95,0.8,0,mincut,1.0,1.0,2.85
0.95,0.8,1,louvain,1.0,1.0,0.06
0.95,0.8,1,leiden,1.0,1.0,0.03
0.95,0.8,1,kmeans,0.9859,0.992,0.01
0.95,0.8,1,dmon,1.0,1.0,2.3
0.95,0.8,1,mincut,1.0,1.0,2.74
0.95,0.8,2,louvain,1.0,1.0,0.06
0.95,0.8,2,leiden,1.0,1.0,0.03
0.95,0.8,2,kmeans,0.9573,0.9734,0.01
0.95,0.8,2,dmon,1.0,1.0,2.33
0.95,0.8,2,mincut,1.0,1.0,2.74
0.95,0.8,3,louvain,1.0,1.0,0.06
0.95,0.8,3,leiden,1.0,1.0,0.04
0.95,0.8,3,kmeans,1.0,1.0,0.01
0.95,0.8,3,dmon,1.0,1.0,2.35
0.95,0.8,3,mincut,1.0,1.0,2.75
0.95,0.8,4,louvain,1.0,1.0,0.05
0.95,0.8,4,leiden,1.0,1.0,0.03
0.95,0.8,4,kmeans,0.9906,0.9947,0.01
0.95,0.8,4,dmon,1.0,1.0,2.35
0.95,0.8,4,mincut,1.0,1.0,2.76
0.95,1.0,0,louvain,1.0,1.0,0.05
0.95,1.0,0,leiden,1.0,1.0,0.03
0.95,1.0,0,kmeans,0.9953,0.9973,0.01
0.95,1.0,0,dmon,1.0,1.0,2.33
0.95,1.0,0,mincut,1.0,1.0,2.76
0.95,1.0,1,louvain,1.0,1.0,0.06
0.95,1.0,1,leiden,1.0,1.0,0.03
0.95,1.0,1,kmeans,1.0,1.0,0.01
0.95,1.0,1,dmon,1.0,1.0,2.31
0.95,1.0,1,mincut,1.0,1.0,2.74
0.95,1.0,2,louvain,1.0,1.0,0.06
0.95,1.0,2,leiden,1.0,1.0,0.03
0.95,1.0,2,kmeans,0.9953,0.9973,0.01
0.95,1.0,2,dmon,1.0,1.0,2.32
0.95,1.0,2,mincut,1.0,1.0,2.75
0.95,1.0,3,louvain,1.0,1.0,0.06
0.95,1.0,3,leiden,1.0,1.0,0.04
0.95,1.0,3,kmeans,1.0,1.0,0.01
0.95,1.0,3,dmon,1.0,1.0,2.36
0.95,1.0,3,mincut,1.0,1.0,2.78
0.95,1.0,4,louvain,1.0,1.0,0.05
0.95,1.0,4,leiden,1.0,1.0,0.03
0.95,1.0,4,kmeans,1.0,1.0,0.01
0.95,1.0,4,dmon,1.0,1.0,2.33
0.95,1.0,4,mincut,1.0,1.0,2.75
0.95,1.5,0,louvain,1.0,1.0,0.05
0.95,1.5,0,leiden,1.0,1.0,0.03
0.95,1.5,0,kmeans,1.0,1.0,0.01
0.95,1.5,0,dmon,1.0,1.0,2.32
0.95,1.5,0,mincut,1.0,1.0,2.9
0.95,1.5,1,louvain,1.0,1.0,0.06
0.95,1.5,1,leiden,1.0,1.0,0.03
0.95,1.5,1,kmeans,1.0,1.0,0.01
0.95,1.5,1,dmon,1.0,1.0,2.37
0.95,1.5,1,mincut,1.0,1.0,2.75
0.95,1.5,2,louvain,1.0,1.0,0.06
0.95,1.5,2,leiden,1.0,1.0,0.03
0.95,1.5,2,kmeans,1.0,1.0,0.01
0.95,1.5,2,dmon,1.0,1.0,2.33
0.95,1.5,2,mincut,1.0,1.0,2.74
0.95,1.5,3,louvain,1.0,1.0,0.06
0.95,1.5,3,leiden,1.0,1.0,0.04
0.95,1.5,3,kmeans,1.0,1.0,0.01
0.95,1.5,3,dmon,1.0,1.0,2.32
0.95,1.5,3,mincut,1.0,1.0,2.73
0.95,1.5,4,louvain,1.0,1.0,0.05
0.95,1.5,4,leiden,1.0,1.0,0.03
0.95,1.5,4,kmeans,1.0,1.0,0.01
0.95,1.5,4,dmon,1.0,1.0,2.33
0.95,1.5,4,mincut,1.0,1.0,2.76
0.05,0.0,0,dmon_ref,0.0025,-0.0007,2.18
0.05,0.0,1,dmon_ref,0.001,-0.002,2.19
0.05,0.0,2,dmon_ref,0.0036,0.0003,2.18
0.05,0.0,3,dmon_ref,0.0024,-0.0008,2.26
0.05,0.0,4,dmon_ref,0.0024,-0.0008,2.48
0.05,0.2,0,dmon_ref,0.0248,0.0192,2.32
0.05,0.2,1,dmon_ref,0.035,0.0292,2.38
0.05,0.2,2,dmon_ref,0.022,0.017,2.39
0.05,0.2,3,dmon_ref,0.0176,0.0139,2.25
0.05,0.2,4,dmon_ref,0.0338,0.0297,2.25
0.05,0.35,0,dmon_ref,0.085,0.0721,2.34
0.05,0.35,1,dmon_ref,0.0791,0.0745,2.38
0.05,0.35,2,dmon_ref,0.1078,0.1065,2.26
0.05,0.35,3,dmon_ref,0.1779,0.1574,2.26
0.05,0.35,4,dmon_ref,0.1032,0.0935,2.34
0.05,0.5,0,dmon_ref,0.1131,0.0983,2.43
0.05,0.5,1,dmon_ref,0.1175,0.1116,2.36
0.05,0.5,2,dmon_ref,0.1658,0.1603,2.29
0.05,0.5,3,dmon_ref,0.2429,0.2292,2.29
0.05,0.5,4,dmon_ref,0.1806,0.1617,2.42
0.05,0.65,0,dmon_ref,0.1864,0.1816,2.38
0.05,0.65,1,dmon_ref,0.1353,0.1275,2.27
0.05,0.65,2,dmon_ref,0.2503,0.2283,2.27
0.05,0.65,3,dmon_ref,0.2735,0.2518,2.41
0.05,0.65,4,dmon_ref,0.2533,0.2272,2.34
0.05,0.8,0,dmon_ref,0.2941,0.3069,2.3
0.05,0.8,1,dmon_ref,0.175,0.1615,2.28
0.05,0.8,2,dmon_ref,0.2815,0.2728,2.37
0.05,0.8,3,dmon_ref,0.2852,0.2535,2.4
0.05,0.8,4,dmon_ref,0.31,0.2691,2.34
0.05,1.0,0,dmon_ref,0.3324,0.3425,2.29
0.05,1.0,1,dmon_ref,0.2531,0.2393,2.33
0.05,1.0,2,dmon_ref,0.3717,0.3814,2.4
0.05,1.0,3,dmon_ref,0.3513,0.3054,2.35
0.05,1.0,4,dmon_ref,0.3461,0.2955,2.28
0.05,1.5,0,dmon_ref,0.5622,0.5747,2.35
0.05,1.5,1,dmon_ref,0.4996,0.4792,2.42
0.05,1.5,2,dmon_ref,0.6648,0.6875,2.41
0.05,1.5,3,dmon_ref,0.476,0.4152,2.31
0.05,1.5,4,dmon_ref,0.3839,0.3198,2.29
0.2,0.0,0,dmon_ref,0.0065,0.0031,2.43
0.2,0.0,1,dmon_ref,0.0051,0.0016,2.39
0.2,0.0,2,dmon_ref,0.0054,0.0019,2.35
0.2,0.0,3,dmon_ref,0.0071,0.0036,2.29
0.2,0.0,4,dmon_ref,0.0077,0.004,2.39
0.2,0.2,0,dmon_ref,0.1207,0.1103,2.41
0.2,0.2,1,dmon_ref,0.0731,0.0676,2.37
0.2,0.2,2,dmon_ref,0.0595,0.0546,2.46
0.2,0.2,3,dmon_ref,0.1993,0.2058,2.46
0.2,0.2,4,dmon_ref,0.1312,0.1226,2.51
0.2,0.35,0,dmon_ref,0.4697,0.5108,2.62
0.2,0.35,1,dmon_ref,0.4736,0.5184,2.57
0.2,0.35,2,dmon_ref,0.4456,0.4852,2.59
0.2,0.35,3,dmon_ref,0.6397,0.6999,2.67
0.2,0.35,4,dmon_ref,0.3387,0.3314,2.6
0.2,0.5,0,dmon_ref,0.7193,0.7732,2.5
0.2,0.5,1,dmon_ref,0.7514,0.8057,2.39
0.2,0.5,2,dmon_ref,0.701,0.7553,2.43
0.2,0.5,3,dmon_ref,0.7931,0.8465,2.3
0.2,0.5,4,dmon_ref,0.7739,0.823,2.28
0.2,0.65,0,dmon_ref,0.8275,0.8759,2.31
0.2,0.65,1,dmon_ref,0.8532,0.8938,2.45
0.2,0.65,2,dmon_ref,0.8025,0.85,2.41
0.2,0.65,3,dmon_ref,0.8556,0.8963,2.33
0.2,0.65,4,dmon_ref,0.8515,0.8913,2.31
0.2,0.8,0,dmon_ref,0.8845,0.9215,2.42
0.2,0.8,1,dmon_ref,0.863,0.9012,2.43
0.2,0.8,2,dmon_ref,0.8599,0.899,2.37
0.2,0.8,3,dmon_ref,0.8919,0.9242,2.29
0.2,0.8,4,dmon_ref,0.9141,0.9422,2.36
0.2,1.0,0,dmon_ref,0.9212,0.9474,2.39
0.2,1.0,1,dmon_ref,0.9008,0.9318,2.42
0.2,1.0,2,dmon_ref,0.8759,0.9114,2.29
0.2,1.0,3,dmon_ref,0.9286,0.9501,2.32
0.2,1.0,4,dmon_ref,0.9473,0.9658,2.41
0.2,1.5,0,dmon_ref,0.9667,0.9787,2.47
0.2,1.5,1,dmon_ref,0.9415,0.9556,2.28
0.2,1.5,2,dmon_ref,0.9358,0.9527,2.32
0.2,1.5,3,dmon_ref,0.9953,0.9973,2.55
0.2,1.5,4,dmon_ref,1.0,1.0,2.62
0.35,0.0,0,dmon_ref,0.0189,0.0126,2.32
0.35,0.0,1,dmon_ref,0.0148,0.0104,2.31
0.35,0.0,2,dmon_ref,0.0074,0.0038,2.57
0.35,0.0,3,dmon_ref,0.0129,0.0091,2.54
0.35,0.0,4,dmon_ref,0.0083,0.0045,2.28
0.35,0.2,0,dmon_ref,0.3389,0.3502,2.33
0.35,0.2,1,dmon_ref,0.4056,0.4429,2.29
0.35,0.2,2,dmon_ref,0.3251,0.3536,2.35
0.35,0.2,3,dmon_ref,0.5585,0.617,2.42
0.35,0.2,4,dmon_ref,0.3282,0.3334,2.37
0.35,0.35,0,dmon_ref,0.7219,0.7705,2.32
0.35,0.35,1,dmon_ref,0.7781,0.8281,2.32
0.35,0.35,2,dmon_ref,0.6887,0.7455,2.43
0.35,0.35,3,dmon_ref,0.8516,0.8942,2.38
0.35,0.35,4,dmon_ref,0.7965,0.8447,2.31
0.35,0.5,0,dmon_ref,0.8964,0.927,2.31
0.35,0.5,1,dmon_ref,0.9102,0.9398,2.45
0.35,0.5,2,dmon_ref,0.8899,0.9243,2.41
0.35,0.5,3,dmon_ref,0.9681,0.9814,2.38
0.35,0.5,4,dmon_ref,0.927,0.9525,2.31
0.35,0.65,0,dmon_ref,0.9506,0.9683,2.43
0.35,0.65,1,dmon_ref,0.9765,0.9867,2.43
0.35,0.65,2,dmon_ref,0.9775,0.9867,2.36
0.35,0.65,3,dmon_ref,0.9906,0.9947,2.3
0.35,0.65,4,dmon_ref,0.9765,0.9867,2.33
0.35,0.8,0,dmon_ref,0.9681,0.9814,2.41
0.35,0.8,1,dmon_ref,0.9906,0.9947,2.35
0.35,0.8,2,dmon_ref,0.9859,0.992,2.3
0.35,0.8,3,dmon_ref,0.9953,0.9973,2.29
0.35,0.8,4,dmon_ref,0.9718,0.984,2.44
0.35,1.0,0,dmon_ref,0.9775,0.9867,2.51
0.35,1.0,1,dmon_ref,0.9953,0.9973,2.43
0.35,1.0,2,dmon_ref,0.9906,0.9947,2.26
0.35,1.0,3,dmon_ref,0.9953,0.9973,2.41
0.35,1.0,4,dmon_ref,0.9812,0.9893,2.4
0.35,1.5,0,dmon_ref,0.9953,0.9973,2.31
0.35,1.5,1,dmon_ref,1.0,1.0,2.3
0.35,1.5,2,dmon_ref,0.9953,0.9973,2.37
0.35,1.5,3,dmon_ref,1.0,1.0,2.4
0.35,1.5,4,dmon_ref,0.9953,0.9973,2.36
0.45,0.0,0,dmon_ref,0.0373,0.0319,2.29
0.45,0.0,1,dmon_ref,0.0103,0.0062,2.35
0.45,0.0,2,dmon_ref,0.0214,0.0158,2.43
0.45,0.0,3,dmon_ref,0.0256,0.0195,2.36
0.45,0.0,4,dmon_ref,0.0184,0.0146,2.29
0.45,0.2,0,dmon_ref,0.5325,0.5782,2.32
0.45,0.2,1,dmon_ref,0.5873,0.6451,2.47
0.45,0.2,2,dmon_ref,0.5172,0.5688,2.54
0.45,0.2,3,dmon_ref,0.7179,0.7751,2.45
0.45,0.2,4,dmon_ref,0.6021,0.6546,2.41
0.45,0.35,0,dmon_ref,0.8438,0.8843,2.3
0.45,0.35,1,dmon_ref,0.8599,0.9036,2.33
0.45,0.35,2,dmon_ref,0.8476,0.8913,2.43
0.45,0.35,3,dmon_ref,0.9186,0.9473,2.37
0.45,0.35,4,dmon_ref,0.8741,0.914,2.39
0.45,0.5,0,dmon_ref,0.9491,0.9658,2.54
0.45,0.5,1,dmon_ref,0.9627,0.9761,2.51
0.45,0.5,2,dmon_ref,0.9447,0.9656,2.29
0.45,0.5,3,dmon_ref,0.9812,0.9893,2.28
0.45,0.5,4,dmon_ref,0.9644,0.9787,2.3
0.45,0.65,0,dmon_ref,0.9775,0.9867,2.41
0.45,0.65,1,dmon_ref,0.9775,0.9867,2.35
0.45,0.65,2,dmon_ref,0.9906,0.9947,2.25
0.45,0.65,3,dmon_ref,0.9906,0.9947,2.29
0.45,0.65,4,dmon_ref,0.9859,0.992,2.41
0.45,0.8,0,dmon_ref,0.9953,0.9973,2.35
0.45,0.8,1,dmon_ref,0.9953,0.9973,2.31
0.45,0.8,2,dmon_ref,1.0,1.0,2.27
0.45,0.8,3,dmon_ref,0.9953,0.9973,2.39
0.45,0.8,4,dmon_ref,0.9906,0.9947,2.42
0.45,1.0,0,dmon_ref,1.0,1.0,2.32
0.45,1.0,1,dmon_ref,0.9953,0.9973,2.26
0.45,1.0,2,dmon_ref,1.0,1.0,2.34
0.45,1.0,3,dmon_ref,1.0,1.0,2.41
0.45,1.0,4,dmon_ref,1.0,1.0,2.36
0.45,1.5,0,dmon_ref,1.0,1.0,2.27
0.45,1.5,1,dmon_ref,1.0,1.0,2.31
0.45,1.5,2,dmon_ref,1.0,1.0,2.36
0.45,1.5,3,dmon_ref,1.0,1.0,2.42
0.45,1.5,4,dmon_ref,1.0,1.0,2.25
0.55,0.0,0,dmon_ref,0.0862,0.0826,2.27
0.55,0.0,1,dmon_ref,0.0148,0.0104,2.36
0.55,0.0,2,dmon_ref,0.0135,0.01,2.35
0.55,0.0,3,dmon_ref,0.0703,0.0674,2.29
0.55,0.0,4,dmon_ref,0.0168,0.0118,2.26
0.55,0.2,0,dmon_ref,0.6882,0.7369,2.35
0.55,0.2,1,dmon_ref,0.74,0.7981,2.36
0.55,0.2,2,dmon_ref,0.6817,0.7346,2.34
0.55,0.2,3,dmon_ref,0.8355,0.881,2.26
0.55,0.2,4,dmon_ref,0.7732,0.8233,2.31
0.55,0.35,0,dmon_ref,0.9065,0.9395,2.37
0.55,0.35,1,dmon_ref,0.9479,0.9656,2.4
0.55,0.35,2,dmon_ref,0.9209,0.9475,2.26
0.55,0.35,3,dmon_ref,0.9738,0.984,2.28
0.55,0.35,4,dmon_ref,0.9342,0.9579,2.41
0.55,0.5,0,dmon_ref,0.9775,0.9867,2.43
0.55,0.5,1,dmon_ref,0.9883,0.992,2.3
0.55,0.5,2,dmon_ref,0.9728,0.984,2.29
0.55,0.5,3,dmon_ref,1.0,1.0,2.41
0.55,0.5,4,dmon_ref,0.9859,0.992,2.45
0.55,0.65,0,dmon_ref,0.9953,0.9973,2.32
0.55,0.65,1,dmon_ref,0.9953,0.9973,2.31
0.55,0.65,2,dmon_ref,0.9953,0.9973,2.38
0.55,0.65,3,dmon_ref,1.0,1.0,2.42
0.55,0.65,4,dmon_ref,1.0,1.0,2.36
0.55,0.8,0,dmon_ref,1.0,1.0,2.28
0.55,0.8,1,dmon_ref,1.0,1.0,2.3
0.55,0.8,2,dmon_ref,1.0,1.0,2.44
0.55,0.8,3,dmon_ref,1.0,1.0,2.39
0.55,0.8,4,dmon_ref,1.0,1.0,2.29
0.55,1.0,0,dmon_ref,1.0,1.0,2.3
0.55,1.0,1,dmon_ref,1.0,1.0,2.42
0.55,1.0,2,dmon_ref,1.0,1.0,2.41
0.55,1.0,3,dmon_ref,1.0,1.0,2.29
0.55,1.0,4,dmon_ref,1.0,1.0,2.26
0.55,1.5,0,dmon_ref,1.0,1.0,2.4
0.55,1.5,1,dmon_ref,1.0,1.0,2.43
0.55,1.5,2,dmon_ref,1.0,1.0,2.36
0.55,1.5,3,dmon_ref,1.0,1.0,2.29
0.55,1.5,4,dmon_ref,1.0,1.0,2.37
0.65,0.0,0,dmon_ref,0.1089,0.0939,2.42
0.65,0.0,1,dmon_ref,0.0368,0.0306,2.35
0.65,0.0,2,dmon_ref,0.0648,0.0616,2.29
0.65,0.0,3,dmon_ref,0.0633,0.0525,2.31
0.65,0.0,4,dmon_ref,0.0436,0.034,2.42
0.65,0.2,0,dmon_ref,0.8865,0.9195,2.49
0.65,0.2,1,dmon_ref,0.8533,0.8961,2.46
0.65,0.2,2,dmon_ref,0.7906,0.8383,2.36
0.65,0.2,3,dmon_ref,0.9202,0.9474,2.53
0.65,0.2,4,dmon_ref,0.9059,0.9371,2.64
0.65,0.35,0,dmon_ref,0.9822,0.9894,2.29
0.65,0.35,1,dmon_ref,0.9742,0.984,2.33
0.65,0.35,2,dmon_ref,0.9644,0.9787,2.45
0.65,0.35,3,dmon_ref,0.9785,0.9867,2.57
0.65,0.35,4,dmon_ref,0.9785,0.9867,2.55
0.65,0.5,0,dmon_ref,0.9906,0.9947,2.58
0.65,0.5,1,dmon_ref,0.9953,0.9973,2.5
0.65,0.5,2,dmon_ref,0.9906,0.9947,2.53
0.65,0.5,3,dmon_ref,0.9953,0.9973,2.46
0.65,0.5,4,dmon_ref,1.0,1.0,2.37
0.65,0.65,0,dmon_ref,1.0,1.0,2.41
0.65,0.65,1,dmon_ref,1.0,1.0,2.5
0.65,0.65,2,dmon_ref,0.9953,0.9973,2.39
0.65,0.65,3,dmon_ref,1.0,1.0,2.32
0.65,0.65,4,dmon_ref,1.0,1.0,2.35
0.65,0.8,0,dmon_ref,1.0,1.0,2.45
0.65,0.8,1,dmon_ref,1.0,1.0,2.4
0.65,0.8,2,dmon_ref,1.0,1.0,2.31
0.65,0.8,3,dmon_ref,1.0,1.0,2.32
0.65,0.8,4,dmon_ref,1.0,1.0,2.41
0.65,1.0,0,dmon_ref,1.0,1.0,2.4
0.65,1.0,1,dmon_ref,1.0,1.0,2.3
0.65,1.0,2,dmon_ref,1.0,1.0,2.3
0.65,1.0,3,dmon_ref,1.0,1.0,2.43
0.65,1.0,4,dmon_ref,1.0,1.0,2.41
0.65,1.5,0,dmon_ref,1.0,1.0,2.32
0.65,1.5,1,dmon_ref,1.0,1.0,2.31
0.65,1.5,2,dmon_ref,1.0,1.0,2.36
0.65,1.5,3,dmon_ref,1.0,1.0,2.38
0.65,1.5,4,dmon_ref,1.0,1.0,2.39
0.8,0.0,0,dmon_ref,0.1191,0.1055,2.41
0.8,0.0,1,dmon_ref,0.0598,0.0511,2.38
0.8,0.0,2,dmon_ref,0.1723,0.1694,2.4
0.8,0.0,3,dmon_ref,0.1265,0.111,2.37
0.8,0.0,4,dmon_ref,0.0491,0.0398,2.27
0.8,0.2,0,dmon_ref,0.9346,0.9578,2.32
0.8,0.2,1,dmon_ref,0.948,0.9682,2.39
0.8,0.2,2,dmon_ref,0.9055,0.9371,2.38
0.8,0.2,3,dmon_ref,0.9691,0.9814,2.31
0.8,0.2,4,dmon_ref,0.9637,0.9762,2.32
0.8,0.35,0,dmon_ref,0.9906,0.9947,2.43
0.8,0.35,1,dmon_ref,1.0,1.0,2.41
0.8,0.35,2,dmon_ref,0.9859,0.992,2.32
0.8,0.35,3,dmon_ref,0.9906,0.9947,2.31
0.8,0.35,4,dmon_ref,0.9859,0.992,2.4
0.8,0.5,0,dmon_ref,1.0,1.0,2.41
0.8,0.5,1,dmon_ref,1.0,1.0,2.37
0.8,0.5,2,dmon_ref,0.9953,0.9973,2.28
0.8,0.5,3,dmon_ref,1.0,1.0,2.37
0.8,0.5,4,dmon_ref,1.0,1.0,2.41
0.8,0.65,0,dmon_ref,1.0,1.0,2.39
0.8,0.65,1,dmon_ref,1.0,1.0,2.31
0.8,0.65,2,dmon_ref,1.0,1.0,2.33
0.8,0.65,3,dmon_ref,1.0,1.0,2.44
0.8,0.65,4,dmon_ref,1.0,1.0,2.39
0.8,0.8,0,dmon_ref,1.0,1.0,2.3
0.8,0.8,1,dmon_ref,1.0,1.0,2.3
0.8,0.8,2,dmon_ref,1.0,1.0,2.44
0.8,0.8,3,dmon_ref,1.0,1.0,2.42
0.8,0.8,4,dmon_ref,1.0,1.0,2.3
0.8,1.0,0,dmon_ref,1.0,1.0,2.29
0.8,1.0,1,dmon_ref,1.0,1.0,2.36
0.8,1.0,2,dmon_ref,1.0,1.0,2.38
0.8,1.0,3,dmon_ref,1.0,1.0,2.38
0.8,1.0,4,dmon_ref,1.0,1.0,2.29
0.8,1.5,0,dmon_ref,1.0,1.0,2.35
0.8,1.5,1,dmon_ref,1.0,1.0,2.41
0.8,1.5,2,dmon_ref,1.0,1.0,2.37
0.8,1.5,3,dmon_ref,1.0,1.0,2.3
0.8,1.5,4,dmon_ref,1.0,1.0,2.3
0.95,0.0,0,dmon_ref,0.3752,0.3962,2.42
0.95,0.0,1,dmon_ref,0.2745,0.2797,2.43
0.95,0.0,2,dmon_ref,0.2491,0.2614,2.28
0.95,0.0,3,dmon_ref,0.2735,0.279,2.3
0.95,0.0,4,dmon_ref,0.2928,0.3155,2.4
0.95,0.2,0,dmon_ref,0.9869,0.992,2.38
0.95,0.2,1,dmon_ref,0.9859,0.992,2.32
0.95,0.2,2,dmon_ref,0.9658,0.9788,2.3
0.95,0.2,3,dmon_ref,0.9953,0.9973,2.37
0.95,0.2,4,dmon_ref,0.9953,0.9973,2.4
0.95,0.35,0,dmon_ref,1.0,1.0,2.37
0.95,0.35,1,dmon_ref,1.0,1.0,2.26
0.95,0.35,2,dmon_ref,0.9859,0.992,2.35
0.95,0.35,3,dmon_ref,1.0,1.0,2.4
0.95,0.35,4,dmon_ref,1.0,1.0,2.38
0.95,0.5,0,dmon_ref,1.0,1.0,2.29
0.95,0.5,1,dmon_ref,1.0,1.0,2.3
0.95,0.5,2,dmon_ref,0.9859,0.992,2.41
0.95,0.5,3,dmon_ref,1.0,1.0,2.43
0.95,0.5,4,dmon_ref,1.0,1.0,2.31
0.95,0.65,0,dmon_ref,1.0,1.0,2.3
0.95,0.65,1,dmon_ref,1.0,1.0,2.4
0.95,0.65,2,dmon_ref,1.0,1.0,2.39
0.95,0.65,3,dmon_ref,1.0,1.0,2.32
0.95,0.65,4,dmon_ref,1.0,1.0,2.29
0.95,0.8,0,dmon_ref,1.0,1.0,2.39
0.95,0.8,1,dmon_ref,1.0,1.0,2.37
0.95,0.8,2,dmon_ref,1.0,1.0,2.37
0.95,0.8,3,dmon_ref,1.0,1.0,2.27
0.95,0.8,4,dmon_ref,1.0,1.0,2.31
0.95,1.0,0,dmon_ref,1.0,1.0,2.37
0.95,1.0,1,dmon_ref,1.0,1.0,2.36
0.95,1.0,2,dmon_ref,1.0,1.0,2.23
0.95,1.0,3,dmon_ref,1.0,1.0,2.24
0.95,1.0,4,dmon_ref,1.0,1.0,2.42
0.95,1.5,0,dmon_ref,1.0,1.0,2.45
0.95,1.5,1,dmon_ref,1.0,1.0,2.32
0.95,1.5,2,dmon_ref,1.0,1.0,2.36
0.95,1.5,3,dmon_ref,1.0,1.0,2.34
0.95,1.5,4,dmon_ref,1.0,1.0,2.3
